Post-SPAC Ticker Symbol,Post-SPAC Company Name,SPAC Ticker,SPAC Name,Merged Company Name (if Different than DeSPAC),Merger Completion Date (Announced),SPAC IPO Date,Total Return (from SPAC IPO price),Annualized Return (from SPAC IPO),Current Price,% Change Prev,Market Cap,SPAC IPO Size,SPAC Initial Target Industry,Notable Leadership / Sponsor, Underwriter(s),Status,Warrant Trading Status,Post-Completion Events,Merger Partner Leadership,Est. Date Warrants Exercisable,Warrant Exercise Deadline (if Called),forwardPE,enterpriseToEbitda,entrepriseToRevenue,heldPercentInstitutions,pegRatio,sector,industry,exchange,country,city,logo_url
GENI,Genius Sports Limited,DMYD,"dMY Technology Group, Inc. II ",,2021-04-20,2020-08-13,,,,,,276000000.000000000,"Mobile Apps, Consumer Internet, Tech",Harry You (Former CFO of Oracle and Accenture; Former Exec VP of EMC; Founder of GTY Tech Holdings),"Goldman Sachs, Needham",Trading,Warrants Trading,,,2021-08-13,,,,,0.929770000,,Communication Services,Internet Content & Information,NYQ,United Kingdom,London,https://logo.clearbit.com/geniussports.com
ASTS,AST SpaceMobile,NPA,New Providence Acquisition Corp ,,2021-04-06,2019-09-11,-0.199000000,-0.123500000,8.010000000,0.000000000,229425000.000000000,230000000.000000000,Consumer Goods,"Gary Smith (Fmr CEO, Big Red; Fmr COO Red Bull)","BTIG, I-Bankers",Trading,Warrants Trading,,,2021-05-06,,,-3.463000000,,0.677490000,,Communication Services,Telecom Services,NMS,United States,Midland,https://logo.clearbit.com/ast-science.com
INVZ,"Innoviz Technologies, Inc.",CGRO,Collective Growth Corp ,,2021-04-05,2020-05-01,-0.010000000,-0.010300000,9.900000000,0.045400000,188223742.000000000,150000000.000000000,Cannabis,Peter Cuneo (Former CEO Marvel Comics; Former President of Black & Decker; Former CEO of Remington Products),Cantor,Trading,Warrants Trading,,,2021-05-05,,,-5.138000000,,0.704780000,,Consumer Cyclical,Auto Parts,NCM,Israel,Rosh Haayin,https://logo.clearbit.com/innoviz.tech
FOA,Finance of America Companies Inc.,RPLA,Replay Acquisition Corp ,,2021-04-01,2019-04-03,0.000000000,0.000000000,10.000000000,0.001000000,,287500000.000000000,"Argentina, Brazil",,"Credit Suisse, BofA Securities",Trading,Warrants Trading,,,2021-05-01,,,,,0.264400000,,Financial Services,Credit Services,NYQ,United States,Irving,https://logo.clearbit.com/financeofamerica.com
PSFE,Paysafe Limited,BFT,Foley Trasimene Acquisition Corp. II ,,2021-03-30,2020-08-18,0.277000000,0.411000000,12.770000000,-0.004700000,,1467000000.000000000,,Bill Foley (Chairman of Fidelity National Financial and Black Knight; Owner of NHL Team: Vegas Golden Knights),"Credit Suisse, BofA Securities",Trading,Warrants Trading,,,2021-08-18,,,3.588000000,,0.366660000,,Technology,Information Technology Services,NYQ,United Kingdom,London,
ARVL,Arrival,CIIC,CIIG Merger Corp ,,2021-03-25,2019-12-13,0.425000000,0.313400000,14.250000000,0.095300000,8638046475.000000000,258800000.000000000,"TMT (Tech, Media, Telecom)",Peter Cuneo (Former CEO Marvel Comics; Former President of Black & Decker; Former CEO of Remington Products),"UBS, Barclays",Trading,Warrants Trading,,,2021-04-24,,,-60.456000000,,0.039360000,,Consumer Cyclical,Auto Manufacturers,NMS,Luxembourg,Howald,https://logo.clearbit.com/arrival.com
NVVE,Nuvve Holding Corp,NBAC,Newborn Acquisition Corp ,,2021-03-22,2020-02-14,-0.113000000,-0.095500000,8.870000000,0.036800000,66132898.000000000,58000000.000000000,Asia (Non-China),,Chardan,Trading,Warrants Trading,,,2021-04-21,,,,,0.497330000,,Consumer Cyclical,Specialty Retail,NMS,United States,San Diego,https://logo.clearbit.com/nuvve.com
LBPS,4D pharma plc,LOAC,Longevity Acquisition Corp. ,,2021-03-22,2018-08-28,0.270000000,0.101900000,12.700000000,-0.030500000,207263824.000000000,40000000.000000000,China,,Cantor,Trading,Warrants Trading,,,2021-04-21,,,-5.672000000,,,,Healthcare,Biotechnology,NMS,United Kingdom,Leeds,https://logo.clearbit.com/4dpharmaplc.com
PCT,"PureCycle Technologies, Inc.",ROCH,Roth CH Acquisition I Co ,,2021-03-17,2020-05-05,1.359000000,1.413200000,23.590000000,0.019000000,2791355179.000000000,76500000.000000000,"Business Services, Consumer, Healthcare, Tech, Wellness","Byron Roth (CEO, Roth)","Roth Capital Partners, Craig-Hallum Capital Group",Trading,Warrants Trading,,,2021-05-05,,,-7.519000000,,0.207470000,,Industrials,Pollution & Treatment Controls,NMS,United States,Orlando,https://logo.clearbit.com/purecycletech.com
AEVA,"Aeva, Inc.",IPV,Interprivate Acquisition Corp ,,2021-03-12,2020-02-04,-0.079000000,-0.065200000,9.210000000,0.033700000,1943704196.000000000,241500000.000000000,,"Ahmed Fattouh (CEO, InterPrivate)","Morgan Stanley, EarlyBirdCapital, Inc.",Trading,Warrants Trading,,,2021-04-11,,,-80.199000000,,0.172750000,,Consumer Cyclical,Auto Parts,NYQ,United States,Palo Alto,https://logo.clearbit.com/aeva.ai
OUST,"Ouster, Inc.",CLA,Colonnade Acquisition Corp. ,,2021-03-11,2020-08-20,-0.102000000,-0.152600000,8.980000000,0.065200000,1449813742.000000000,200000000.000000000,"Natural Resources, Energy, Real Estate, Agriculture",,BTIG,Trading,Warrants Trading,,,2021-08-20,,,-31.446000000,,0.192390010,,Technology,Electronic Components,NYQ,United States,San Francisco,https://logo.clearbit.com/ouster.com
VIEW,"View, Inc.",CFII,CF Finance Acquisition Corp II ,,2021-03-08,2020-08-27,-0.332000000,-0.511300000,6.680000000,-0.029100000,1533595305.000000000,500000000.000000000,"Financial Services, Health-care, Real Estate Services, Tech, Software","Howard Lutnick (CEO, Cantor)",Cantor,Trading,Warrants Trading,,,2021-08-27,,,-17.257000000,,0.672190000,,Industrials,Building Products & Equipment,NGM,United States,Milpitas,https://logo.clearbit.com/view.com
CHPT,"ChargePoint Holdings, Inc.",SBE,Switchback Energy Acquisition Corp ,,2021-02-26,2019-07-25,1.002000000,0.575000000,20.020000000,-0.008900000,5560921493.000000000,300000000.000000000,Energy,"Ray Kubis (Chairman, Gridtential)","Goldman Sachs, Citigroup",Trading,Warrants Trading,,,2021-03-28,,,-10.047000000,,0.550210000,,Consumer Cyclical,Specialty Retail,NYQ,United States,Campbell,https://logo.clearbit.com/chargepoint.com
BFLY,"Butterfly Network, Inc.",LGVW,Longview Acquisition Corp. ,,2021-02-16,2020-05-21,0.374000000,0.407500000,13.740000000,0.042500000,2628314938.000000000,414000000.000000000,Healthcare,"Larry Robbins (Founder/CEO, Glenview)","UBS, Cowen",Trading,Warrants Trading,,,2021-05-21,,,-2.714000000,,0.184529990,,Healthcare,Medical Devices,NYQ,United States,Guilford,https://logo.clearbit.com/butterflynetwork.com
NUVB,Nuvation Bio Inc.,PANA,Panacea Acquisition ,,2021-02-10,2020-07-01,0.037000000,0.045900000,10.370000000,0.012700000,2257030475.000000000,143800000.000000000,"Biotech, Healthcare",,Cowen,Trading,Warrants Trading,,,2021-07-01,,,-55.193000000,,0.282420000,,Healthcare,Biotechnology,NYQ,United States,New York,https://logo.clearbit.com/nuvationbio.com
PLBY,"PLBY Group, Inc.",MCAC,Mountain Crest Acquisition Corp ,Playboy Enterprises Inc.,2021-02-10,2020-06-05,3.340000000,3.809700000,43.400000000,0.214000000,1458089873.000000000,58600000.000000000,,,Chardan,Trading,Warrants Trading,,,2021-06-05,,,82.257000000,,0.753010030,,Consumer Cyclical,Leisure,NMS,United States,Los Angeles,https://logo.clearbit.com/plbygroup.com
MILE,"Metromile, Inc.",INAQ,INSU Acquisition Corp. II ,,2021-02-09,2020-09-02,-0.164000000,-0.259100000,8.360000000,0.104300000,1062101019.000000000,230000000.000000000,"Insurance, InsureTech",Cohen & Company ,Cantor,Trading,Warrants Trading,,,2021-09-02,,,-37.054000000,,0.358760000,,Financial Services,Insurance—Property & Casualty,NMS,United States,San Francisco,https://logo.clearbit.com/metromile.com
GMTX,"Gemini Therapeutics, Inc.",FSDC,FS Development Corp. ,,2021-02-05,2020-08-12,0.068000000,0.098500000,10.680000000,-0.014800000,459655657.000000000,105000000.000000000,"BioTech, Healthcare","Dr. Jim Tananbaum (Founder, Foresite Capital)",Jefferies,Trading,Warrants Trading,,,2021-08-12,,,-16.312000000,,0.610960000,,Healthcare,Biotechnology,NGM,United States,Cambridge,https://logo.clearbit.com/geminitherapeutics.com
ETWO,"E2open Parent Holdings, Inc.",PCPL,CC Neuberger Principal Holdings I ,,2021-02-05,2020-04-24,-0.029000000,-0.029200000,9.710000000,0.011500000,2273890721.000000000,414000000.000000000,"Finance, Tech","Chinh Chu (Founder/Managing Partner, CC Capital; Former Managing Director at Blackstone)","Goldman Sachs, BofA Securities, UBS",Trading,Warrants Trading,,,2021-04-24,,,,,0.493520020,,Technology,Software—Infrastructure,NYQ,United States,Austin,https://logo.clearbit.com/e2open.com
ADN,"Advent Technologies Holdings, Inc.",AMCI,AMCI Acquisition Corp ,,2021-02-04,2018-11-15,0.113000000,0.046400000,11.130000000,-0.038000000,512951583.000000000,220500000.000000000,"Natural Resources, Mining",,"Jefferies, UBS",Trading,Warrants Trading,,,2021-03-06,,,-182.685000000,,0.189310000,,Utilities,Utilities—Renewable,NCM,United States,Boston,https://logo.clearbit.com/advent.energy
APPH,"AppHarvest, Inc.",NOVS,Novus Capital Corp ,,2021-02-01,2020-05-15,0.279000000,0.298600000,12.790000000,0.014300000,1252457420.000000000,100000000.000000000,"Smart Tech, 5G communication, VR, AI, Cloud, Machine Learning","Robert Laikin (Founder of L7 Investments and Chairman of Washington Prime Group), Larry Paulson (Former VP of Product Mgmt of Qualcomm)","EarlyBirdCapital, I-Bankers",Trading,Warrants Trading,,,2021-05-15,,,-94.076000000,,0.414020000,,Consumer Defensive,Farm Products,NMS,United States,Lexington,https://logo.clearbit.com/appharvest.com
UWMC,UWM Holdings Corporation,GHIV,"Gores Holdings IV, Inc ","United Wholesale Mortgage, LLC",2021-01-21,2020-01-24,-0.253000000,-0.203900000,7.470000000,0.034600000,16581447337.000000000,425000000.000000000,"Industrials, Tech, Telecom, Media and Entertainment, Business Services, Healthcare and Consumer",Alec Gores (Founder of The Gores Group,"Deutsche Bank, Morgan Stanley",Trading,Warrants Trading,,,2021-02-20,,,1.848000000,,0.235450000,0.180000000,Financial Services,Mortgage Finance,NYQ,United States,Pontiac,https://logo.clearbit.com/uwm.com
LOTZ,"CarLotz, Inc.",ACAM,Acamar Partners Acquisition Corp ,,2021-01-21,2019-02-21,-0.310000000,-0.143200000,6.900000000,0.050500000,783129481.000000000,300000000.000000000,Consumer and Retail,"Charles Bernicker (CEO, South Mountain Merger Corp & Former CFO, CardConnect)","Goldman Sachs, Deutsche Bank",Trading,Warrants Trading,,,2021-02-20,,,-124.418000000,,0.405530000,,Consumer Cyclical,Auto & Truck Dealerships,NMS,United States,Richmond,https://logo.clearbit.com/carlotz.com
HIMS,"Hims & Hers Health, Inc.",OAC,Oaktree Acquisition Corp ,,2021-01-20,2019-07-17,0.118000000,0.066900000,11.180000000,0.131600000,2045647139.000000000,201300000.000000000,"Industrial, Consumer",,"Credit Suisse, Deutsche Bank",Trading,Warrants Trading,,,2021-02-19,,,-158.754000000,,0.555520000,,Consumer Defensive,Household & Personal Products,NYQ,United States,San Francisco,https://logo.clearbit.com/forhims.com
BTRS,BTRS Holdings Inc.,SMMC,South Mountain Merger Corp ,Billtrust,2021-01-12,2019-06-19,0.460000000,0.249900000,14.600000000,0.022100000,2283876599.000000000,250000000.000000000,Fintech,"Charles Bernicker (CEO, South Mountain Merger Corp & Former CFO, CardConnect)",Citigroup,Trading,Warrants Trading,,,2021-02-11,,,-420.239000000,,0.561540000,,Technology,Software—Application,NMS,United States,Lawrenceville,https://logo.clearbit.com/billtrust.com
CLOV,"Clover Health Investments, Corp.",IPOC,Social Capital Hedosophia Holdings Corp. III ,,2021-01-07,2020-04-22,-0.116000000,-0.116300000,8.840000000,0.025600000,3608037447.000000000,828000000.000000000,"Tech, Non-US","Chamath Palihapitiya (Managing Partner, Social Capital), Ian Osborne (Co-founder/CEO, Hedosophia)",Credit Suisse,Trading,Warrants Trading,,,2021-04-22,,,-42.658000000,,0.353490000,,Healthcare,Healthcare Plans,NMS,United States,Franklin,https://logo.clearbit.com/cloverhealth.com
LSEA,Landsea Homes Corporation,LFAC,LF Capital Acquisition Corp ,,2021-01-07,2018-06-20,-0.082000000,-0.028900000,9.180000000,-0.001600000,428792692.000000000,155300000.000000000,"Fintech, Commercial Banking",,"B. Riley FBR, Raymond James",Trading,Warrants Trading,,,2021-02-06,,,25.242000000,,0.224260000,0.220000000,Real Estate,Real Estate—Development,NCM,United States,Newport Beach,https://logo.clearbit.com/landseahomes.com
BMTX,"BM Technologies, Inc.",MFAC,Megalith Financial Acquisition Corp ,"BankMobile Technologies, Inc.",2021-01-05,2018-08-23,0.035000000,0.013100000,10.350000000,0.034000000,124694285.000000000,150000000.000000000,"Fintech, Financial Services",Chad Hurley (Founder and Former CEO of YouTube),"Chardan, BTIG",Trading,Warrants Trading,,,2021-02-04,,,,,0.221970000,,Technology,Software—Application,ASE,United States,Wayne,https://logo.clearbit.com/ir.bmtxinc.com
CLNN,"Clene Nanomedicine, Inc.",TOTA,Tottenham Acquisition I ,,2020-12-30,2018-08-01,0.104000000,0.038200000,11.040000000,0.013800000,657168914.000000000,46000000.000000000,"Asia Ops (Focus on China), TMT (Technology, Media, Telecom), education, e-commerce, Health-care, Consumer",,"Chardan, I-Bankers",Trading,Warrants Trading,,,2021-01-29,,,-28.840000000,,0.029330000,,Healthcare,Biotechnology,NCM,United States,Salt Lake City,https://logo.clearbit.com/clene.com
RMO,"Romeo Power, Inc.",RMG,RMG Acquisition Corp ,"Romeo Systems, Inc.",2020-12-29,2019-02-07,-0.239000000,-0.108500000,7.610000000,0.056200000,997363782.000000000,200000000.000000000,"Diversified Resources, Industrial Materials",,"Deutsche Bank, Stifel",Trading,,,,,2021/4/5,,-24.551000000,,0.188890000,,Consumer Cyclical,Auto Parts,NYQ,United States,Vernon,https://logo.clearbit.com/romeopower.com
DNMR,"Danimer Scientific, Inc.",LOAK,Live Oak Acquisition Corp. ,,2020-12-29,2020-05-06,1.490000000,1.553900000,24.900000000,0.027700000,2199360692.000000000,253000000.000000000,"Financial Services, Industrials, Business Services, and Real Estate",,"Jefferies, BMO",Trading,Warrants Trading,,,2021-05-06,,,-156.078000000,,0.325029970,,Basic Materials,Specialty Chemicals,NYQ,United States,Bainbridge,https://logo.clearbit.com/danimerscientific.com
GNOG,"Golden Nugget Online Gaming, Inc.",LCA,"Landcadia Holdings II, Inc ",,2020-12-29,2019-05-07,0.382000000,0.195000000,13.820000000,0.018400000,1076815265.000000000,316300000.000000000,"Consumer, Dining, Hospitality, Entertainment, Gaming, Tech","Tilman Fertitta (Houston Rockets owner, CEO of Landry's)",Jefferies,Trading,,,,,2021/3/8,,47.092000000,,0.186569990,,Consumer Cyclical,Gambling,NGM,United States,Houston,https://logo.clearbit.com/gnoginc.com
RSI,"Rush Street Interactive, Inc.",DMYT,dMY Technology Group Inc ,,2020-12-29,2020-02-21,0.276000000,0.237000000,12.760000000,0.007100000,2702958177.000000000,230000000.000000000,"Mobile Apps, Consumer Internet, Tech",Harry You (Former CFO of Oracle and Accenture; Former Exec VP of EMC; Founder of GTY Tech Holdings),"Goldman Sachs, UBS",Trading,,,,,2021/3/24,,-2.876000000,,0.615790000,,Consumer Cyclical,Gambling,NYQ,United States,Chicago,https://logo.clearbit.com/rushstreetinteractive.com
VINC,"Vincera Pharma, Inc.",LSAC,LifeSci Acquisition Corp ,,2020-12-23,2020-03-06,0.631000000,0.560400000,16.310000000,-0.007300000,239690284.000000000,65599999.999999993,Healthcare,,Chardan,Trading,Warrants Trading,,,2021-03-06,,,-28.935000000,,0.472809970,,Healthcare,Biotechnology,NCM,United States,Palo Alto,https://logo.clearbit.com/vincerx.com
PRCH,"Porch Group, Inc.",PTAC,PropTech Acquisition Corp ,"Porch.com, Inc.",2020-12-23,2019-11-21,0.241000000,0.170100000,12.410000000,0.022700000,1109199129.000000000,172500000.000000000,PropTech ,,Cantor,Trading,,,,,2021/4/16,,-30.253000000,,0.484390000,,Technology,Software—Application,NMS,United States,Seattle,https://logo.clearbit.com/porchgroup.com
ARKO,ARKO Corp,HYAC,Haymaker Acquisition Corp. II ,"ARKO Holdings Ltd., GPM Investments, LLC",2020-12-22,2019-06-07,0.015000000,0.008000000,10.150000000,0.017500000,1263564275.000000000,400000000.000000000,Consumer,"Steven Heyer (Former CEO of Starwood Hotels; Fmr COO, Coca-Cola Company)",Cantor,Trading,Warrants Trading,,,2021-01-21,,,18.717000000,,0.477200000,,Consumer Cyclical,Department Stores,NCM,United States,Richmond,https://logo.clearbit.com/arkocorp.com
ASLE,AerSale Corporation,MNCL,Monocle Acquisition Corp ,,2020-12-22,2019-02-06,0.174000000,0.078900000,11.740000000,-0.042400000,481882496.000000000,172500000.000000000,"Aerospace, Defense, Industrial",,"Cowen, Chardan",Trading,Warrants Trading,,,2021-01-21,,,103.027000000,,0.787720000,,Industrials,Airports & Air Services,NCM,United States,Coral Gables,https://logo.clearbit.com/aersale.com
XL,XL Fleet Corp,PIC,Pivotal Investment Corporation II ,,2020-12-22,2019-07-11,-0.342000000,-0.192000000,6.580000000,0.080500000,915315495.000000000,230000000.000000000,"Tech, LogTech, Last Mile Delivery, Cyber Security, Media, Entertainment","Jon Ledecky (co-owner, New York Islanders), Katrina Adams (Chairman, US Open and Former Pro Tennis Player), Efrat Epstein (Managing Partner of Sound Ventures) ","Cantor, BTIG",Trading,,,,,2021/3/1,-714.000000000,-40.474000000,,0.163419990,,Consumer Cyclical,Auto Parts,NYQ,United States,Boston,https://logo.clearbit.com/xlfleet.com
GOEV,Canoo Holdings,HCAC,Hennessy Capital Acquisition Corp IV ,,2020-12-21,2019-03-01,-0.209000000,-0.097600000,7.910000000,0.033800000,1877993520.000000000,300200000.000000000,Industrials,Daniel Hennessy,"Nomura, Stifel",Trading,Warrants Trading,,,2021-01-20,,,-7.199000000,,0.088310000,,Consumer Cyclical,Auto Manufacturers,NMS,United States,Torrance,https://logo.clearbit.com/canoo.com
OPEN,Opendoor Technologies Inc.,IPOB,Social Capital Hedosophia Hldgs II Corp ,Opendoor Labs Inc.,2020-12-18,2020-04-28,0.835000000,0.851300000,18.350000000,0.115300000,10583467517.000000000,414000000.000000000,"Tech, United States","Chamath Palihapitiya (Managing Partner, Social Capital), Ian Osborne (Co-founder/CEO, Hedosophia)",Credit Suisse,Trading,Warrants Trading,,,2021-04-28,,,-84.066000000,,0.542480000,,Real Estate,Real Estate Services,NMS,United States,San Francisco,https://logo.clearbit.com/opendoor.com
CLVR,"Clever Leaves Holdings, Inc.",SAMA,Schultze Special Purpose Acquisition Corp ,,2020-12-18,2018-12-10,0.049000000,0.020700000,10.490000000,0.038600000,261497336.000000000,130000000.000000000,Restructured Companies,,"EarlyBirdCapital, BTIG",Trading,Warrants Trading,,,2021-01-17,,,-9.263000000,,0.214820000,,Healthcare,Drug Manufacturers—Specialty & Generic,NMS,United States,New York,https://logo.clearbit.com/cleverleaves.com
BFI,BurgerFi International,OPES,Opes Acquisition Corp ,,2020-12-17,2018-03-13,0.267000000,0.085900000,12.670000000,0.016000000,220988367.000000000,100000000.000000000,Mexico,,"EarlyBirdCapital, Chardan",Trading,Warrants Trading,,,2021-01-16,,,,,0.224420000,,Consumer Cyclical,Restaurants,NGM,United States,North Palm Beach,https://logo.clearbit.com/burgerfi.com
SKLZ,Skillz,FEAC,Flying Eagle Acquisition Corp ,,2020-12-16,2020-03-06,0.617000000,0.547900000,16.170000000,0.288400000,6389879020.000000000,690000000.000000000,,"Jeff Sagansky, Harry Sloan (Former CEO of MGM)","Goldman Sachs, Deutsche Bank",Trading,Warrants Trading,,,2021-03-06,,,-62.892000000,,0.490280000,,Communication Services,Electronic Gaming & Multimedia,NYQ,United States,San Francisco,https://logo.clearbit.com/skillz.com
RVPH,"Reviva Pharmaceuticals Holdings, Inc.",TZAC,Tenzing Acquisition Corp ,,2020-12-14,2018-08-20,-0.586000000,-0.219400000,4.140000000,0.021400000,38188919.000000000,55000000.000000000,India,,Maxim,Trading,Warrants Trading,,,2021-01-13,,,-12.264000000,,0.039560000,,Healthcare,Biotechnology,NMS,United States,Cupertino,https://logo.clearbit.com/revivapharma.com
DM,Desktop Metal Inc.,TRNE,Trine Acquisition Corp ,,2020-12-10,2019-02-01,0.243000000,0.109500000,12.430000000,0.098000000,2750048000.000000000,261000000.000000000,"Media, Communications",Leo Hindery (Managing Partner of InterMedia Partners; Former CEO of AT&T Broadband; Former CEO of TCI),"BTIG, Cantor",Trading,,,,,2021/3/29,-65.428570000,-30.269000000,,0.422580000,,Technology,Computer Hardware,NYQ,United States,Burlington,https://logo.clearbit.com/desktopmetal.com
HTOO,Fusion Fuel Green PLC,HCCH,HL Acquisitions Corp ,,2020-12-10,2018-07-02,0.170000000,0.060600000,11.700000000,0.033600000,148855821.000000000,55000000.000000000,"Energy, Hydrocarbon Logistics and Processing ",,EarlyBirdCapital,Trading,Warrants Trading,,,2021-01-09,,,,,0.382890020,,Utilities,Utilities—Renewable,NGM,Ireland,Dublin,https://logo.clearbit.com/fusion-fuel.eu
LAZR,"Luminar Technologies, Inc.",GMHI,"Gores Metropoulos, Inc ",,2020-12-02,2019-02-01,0.844000000,0.380300000,18.440000000,0.122300000,6284294600.000000000,400000000.000000000,Consumer Products and Services,Alec Gores (Founder of The Gores Group),"Deutsche Bank, Credit Suisse",Trading,,,Austin Russell,,2021/3/16,,-73.991000000,,0.190870000,3.210000000,Technology,Software—Application,NMS,United States,Orlando,https://logo.clearbit.com/luminartech.com
QS,QuantumScape,KCAC,Kensington Acquisition Corp ,,2020-11-27,2020-06-26,2.263000000,2.762500000,32.630000000,0.055500000,12250165593.000000000,230000000.000000000,Automotive,"Justin Mirro (Former Chairman, Pure Power), Thomas LaSorda (Former CEO, Chrysler), Matthew Simoncini (Former CEO, Lear)","UBS, Stifel",Trading,Warrants Trading,,Jagdeep Singh,2021-03-05,,,-156.905000000,,0.364869980,,Consumer Cyclical,Auto Parts,NYQ,United States,San Jose,https://logo.clearbit.com/quantumscape.com
ID,"PARTS iD, Inc.",LGC,Legacy Acquisition Corp ,Onyx Enterprises Int¡¯l Corp. (d/b/a CARiD.com),2020-11-20,2017-11-17,-0.263000000,-0.076700000,7.370000000,0.042400000,244216856.000000000,300000000.000000000,Consumer Goods,,"Wells Fargo Securities, Cantor & Co., Stifel",Trading,,,,,,,16.875000000,,0.082120000,,Consumer Cyclical,Internet Retail,ASE,United States,Cranbury,https://logo.clearbit.com/partsidinc.com
UK,Ucommune International Ltd,ORSN,Orisun Acquisition Corp ,,2020-11-18,2019-08-02,-0.764000000,-0.444000000,2.360000000,0.030600000,201520697.000000000,40000000.000000000,Tech,,Chardan,Trading,Warrants Trading,,,2020-12-18,,,-2.427000000,,0.005050000,,Real Estate,Real Estate Services,NCM,China,Beijing,https://logo.clearbit.com/ucommune.com
MP,MP Materials Corp.,FVAC,Fortress Value Acquisition Corp ,,2020-11-17,2020-04-30,1.854000000,1.900900000,28.540000000,0.039300000,4872871238.000000000,345000000.000000000,,Fortress,"Deutsche Bank, Morgan Stanley",Trading,Warrants Trading,,,2021-04-30,,,100.837000000,,0.616240000,1.900000000,Basic Materials,Other Industrial Metals & Mining,NYQ,United States,Las Vegas,https://logo.clearbit.com/mpmaterials.com
GCMG,GCM Grosvenor Inc.,CFFA,CF Finance Acquisition Corp ,,2020-11-17,2018-12-13,0.167000000,0.070900000,11.670000000,0.006900000,2177040848.000000000,250000000.000000000,"Finance, Real Estate, Insurance, Fintech","Howard Lutnick (CEO, Cantor)",Cantor,Trading,Warrants Trading,,,2020-12-17,,,-24.659000000,,0.902420000,,Financial Services,Asset Management,NMS,United States,Chicago,https://logo.clearbit.com/gcmgrosvenor.com
EOSE,"Eos Energy Enterprises, Inc.",BMRG,B Riley Principal Merger II Corp ,"Eos Energy Storage, LLC",2020-11-16,2020-05-20,0.306000000,0.332400000,13.060000000,0.025900000,676524477.000000000,176800000.000000000,,B. Riley Financial,B. Riley FBR,Trading,Warrants Trading,,,2021-05-20,,,-15.224000000,,0.404450000,,Industrials,Electrical Equipment & Parts,NMS,United States,Edison,https://logo.clearbit.com/eosenergystorage.com
TRIT,"Triterras, Inc.",NFIN,Netfin Acquisition Corp ,Triterras Fintech Pte. Ltd.,2020-11-10,2019-07-31,-0.242000000,-0.140200000,7.580000000,0.045500000,628960696.000000000,253000000.000000000,Fintech,,B. Riley FBR,Trading,Warrants Trading,,,2020-12-10,,,1.032000000,,0.300060000,,Technology,Information Technology Services,NGM,Singapore,Singapore,https://logo.clearbit.com/triterras.com
ATNF,180 Life Sciences Corp.,KBLM,KBL Merger Corp IV ,,2020-11-09,2017-06-01,-0.124000000,-0.031900000,8.760000000,0.084200000,211232425.000000000,100000000.000000000,Healthcare,,"Ladenburg Thalmann, B. Riley FBR",Trading,Warrants Trading,,,2020-12-09,,,-2.019000000,,0.069480000,,Healthcare,Biotechnology,NCM,United States,Menlo Park,https://logo.clearbit.com/180lifesciences.com
TLMD,"SOC Telemed, Inc.",HCCO,Healthcare Merger Corp. ,,2020-10-30,2019-12-12,-0.349000000,-0.256800000,6.510000000,0.003100000,499794656.000000000,250000000.000000000,Healthcare,,Cantor,Trading,Warrants Trading,,,2020-12-11,,,-15.552000000,,0.762990060,,Healthcare,Medical Care Facilities,NMS,United States,Reston,https://logo.clearbit.com/soctelemed.com
FSR,Fisker Inc.,SPAQ,Spartan Energy Acquisition Corp ,,2020-10-28,2018-08-09,0.413000000,0.152900000,14.130000000,0.093700000,4098577506.000000000,552000000.000000000,Energy,"Apollo Global Management, Inc.","Citigroup, Credit Suisse",Trading,,,Henry Fisker,,2021/4/19,,-72.064000000,,0.393780000,-0.100000000,Consumer Cyclical,Auto Manufacturers,NYQ,United States,Manhattan Beach,https://logo.clearbit.com/fiskerinc.com
ADV,Advantage Solutions Inc,CPAA,Conyers Park II Acquisition Corp. ,,2020-10-28,2019-07-17,0.257000000,0.145700000,12.570000000,0.000000000,4002915145.000000000,402500000.000000000,Consumer,"Centerview Capital, James Kilts (Partner, Centerview Capital Consumer; Former CEO of Gillette; Former CEO of Nabisco; Former Pres. of Kraft USA)","Deutsche Bank, Goldman Sachs",Trading,Warrants Trading,,,2020-11-27,,,15.190000000,,0.267580000,1.140000000,Communication Services,Advertising Agencies,NMS,United States,Irvine,https://logo.clearbit.com/advantagesolutions.net
CERE,Cerevel Therapeutics,ARYB,ARYA Sciences Acquisition Corp II ,,2020-10-26,2020-06-05,0.358000000,0.408300000,13.580000000,-0.062800000,1727151565.000000000,149500000.000000000,Healthcare,Perceptive Advisors,"Jefferies, Goldman Sachs",Trading,Warrants Trading,,,2021-06-05,,-8.207650000,-10.616000000,,0.772699950,,Healthcare,Biotechnology,NMS,United States,Cambridge,https://logo.clearbit.com/cerevel.com
RIDE,Lordstown Motors Corp.,DPHC,DiamondPeak Holdings Corp. ,,2020-10-23,2019-02-28,-0.052000000,-0.024200000,9.480000000,0.029900000,1673088934.000000000,280000000.000000000,Real Estate,,Deutsche Bank,Trading,Warrants Trading,,Steve Burns,2020-11-22,,,,,0.241560000,,Consumer Cyclical,Auto Manufacturers,NMS,United States,Lordstown,https://logo.clearbit.com/lordstownmotors.com
PAYA,Paya Holdings Inc.,FTAC,FinTech Acquisition Corp III ,,2020-10-16,2018-11-16,0.088000000,0.036200000,10.880000000,0.014800000,1269550980.000000000,345000000.000000000,Fintech,"Betsy Cohen (Founder/Fmr CEO Bancorp), Daniel Cohen",Cantor,Trading,Warrants Trading,,,2020-11-15,,,33.010000000,,0.878659960,,Technology,Software—Infrastructure,NCM,United States,Atlanta,https://logo.clearbit.com/paya.com
TTCF,"Tattooed Chef, Inc",FMCI,Forum Merger II Corporation ,Ittella International,2020-10-15,2018-08-03,0.629000000,0.231400000,16.290000000,0.012400000,1326009006.000000000,200000000.000000000,,Marshall Kiev and David Boris (Forum I & II),"Jefferies, EarlyBirdCapital",Trading,,,,,2021/2/16,,199.628000000,,0.112120000,,Consumer Defensive,Packaged Foods,NMS,United States,Paramount,https://logo.clearbit.com/tattooedchef.com
CURI,CuriosityStream Inc.,SAQN,Software Acquisition Group Inc ,,2020-10-14,2019-11-19,0.291000000,0.204700000,12.910000000,0.038600000,684700295.000000000,149500000.000000000,"Software, Tech",,B. Riley FBR,Trading,Warrants Trading,,,2020-11-18,,,-29.421000000,,0.112560000,0.040000000,,,NMS,United States,Silver Spring,https://logo.clearbit.com/curiositystream.com
SFT,Shift Technologies,INSU,Insurance Acquisition Corp. ,,2020-10-13,2019-03-20,-0.291000000,-0.139200000,7.090000000,0.020200000,596186343.000000000,150650000.000000000,Insurance,Cohen & Company ,Cantor,Trading,Warrants Trading,,,2020-11-12,,,-5.050000000,,0.490369980,,Consumer Cyclical,Internet Retail,NMS,United States,San Francisco,https://logo.clearbit.com/shift.com
MPLN,MultiPlan Corporation,CCXX,Churchill Capital III Corp ,,2020-10-08,2020-02-14,-0.356000000,-0.300800000,6.440000000,0.036200000,4307869954.000000000,1100000000.000000000,,Michael Klein (Former Co-CEO of Citi Markets and Banking),"Citigroup, Goldman Sachs",Trading,Warrants Trading,,,2021-02-13,,,31.062000000,,0.843970060,,Healthcare,Healthcare Plans,NYQ,United States,New York,https://logo.clearbit.com/multiplan.us
HYLN,Hyliion,SHLL,Tortoise Acquisition Corp ,,2020-10-01,2019-02-27,-0.153000000,-0.071200000,8.470000000,0.024200000,1442060742.000000000,233000000.000000000,Energy,Vincent T. Cubbage (Tortoise Capital Advisors),"Barclays, Goldman Sachs",Trading,,,Thomas Healy,,2020/12/30,,-46.489000000,,0.247579990,,Consumer Cyclical,Auto Parts,NYQ,United States,Cedar Park,https://logo.clearbit.com/hyliion.com
EQOS,Diginex Limited,JFK,8I Enterprises Acquisition Corp ,,2020-10-01,2018-06-12,-0.369000000,-0.129000000,6.310000000,0.110900000,235472728.000000000,50000000.000000000,Tech,,Chardan,Trading,,,,,2021/3/26,,-2.513000000,,0.037390000,,Financial Services,Capital Markets,NCM,Hong Kong,Central,https://logo.clearbit.com/diginex.com
VLDR,"Velodyne Lidar, Inc",GRAF,Graf Industrial Corp ,,2020-09-29,2018-06-12,0.451000000,0.157700000,14.510000000,0.057400000,2731902895.000000000,243770000.000000000,Industrial,James Graf,"EarlyBirdCapital, Oppenheimer",Trading,Warrants Trading,,,2020-10-29,,,-15.013000000,,0.123950005,0.130000000,Technology,Scientific & Technical Instruments,NMS,United States,San Jose,https://logo.clearbit.com/velodynelidar.com
GB,Global Blue Group,FPAC,Far Point Acquisition Corp ,,2020-08-28,2018-06-12,0.117000000,0.040900000,11.170000000,-0.006200000,2094764847.000000000,632500000.000000000,"Fintech, Tech, Financial Services","Dan Loeb (Founder, Third Point), Thomas W. Farley (Ex-Intercontinental Exchange)","Credit Suisse, BofA Merrill Lynch",Trading,Warrants Trading,,,2020-09-27,,,-49.907000000,,0.802289960,,Technology,Information Technology Services,NYQ,Switzerland,Wangen-BrÃ¼ttisellen,https://logo.clearbit.com/globalblue.com
UTZ,"Utz Brands, Inc",CCH,Collier Creek Holdings ,"Utz Quality Foods, LLC",2020-08-28,2018-10-05,1.627000000,0.639200000,26.270000000,0.068800000,2323784824.000000000,440000000.000000000,Consumer Goods,Chinh Chu (Former Managing Director at Blackstone),"Citigroup, Credit Suisse, BofA Merrill Lynch",Trading,Warrants Trading,,,2020-09-27,,,43.099000000,,0.626790000,0.880000000,Consumer Defensive,Packaged Foods,NYQ,United States,Hanover,https://logo.clearbit.com/utzsnacks.com
HPK,"HighPeak Energy, Inc.",PACQ,Pure Acquisition Corp ,,2020-08-24,2018-02-12,-0.250000000,-0.078400000,7.500000000,0.000000000,695069175.000000000,414000000.000000000,"Oil and Gas, Energy",,"Oppenheimer, EarlyBirdCapital",Trading,Warrants Trading,,,2020-09-23,,,-86.355000000,,0.022380000,,Energy,Oil & Gas E&P,NGM,United States,Fort Worth,https://logo.clearbit.com/highpeakenergy.com
DMS,"Digital Media Solutions, Inc.",LHC,Leo Holdings Corp. ,,2020-07-15,2018-02-12,0.095000000,0.029800000,10.950000000,0.008300000,653562345.000000000,200000000.000000000,,"Lyndon Lea (Founder, Lion Capital), Robert Bensoussan (Former CEO, Jimmy Choo), Lori Bush (Former CEO, Rodan + Fields)",Citigroup,Trading,Warrants Trading,,,2020-08-14,,,13.863000000,,0.824120040,,Communication Services,Advertising Agencies,NYQ,United States,Clearwater,https://logo.clearbit.com/digitalmediasolutions.com
IMTX,Immatics N.V.,ARYA,ARYA Sciences Acquisition Corp ,Immatics Biotechnologies GmbH,2020-07-01,2018-10-04,0.222000000,0.087100000,12.220000000,0.018300000,768743230.000000000,143750000.000000000,Healthcare,Perceptive Advisors,"Jefferies, Chardan",Trading,Warrants Trading,,,2020-07-31,,,-8.354000000,,0.388769980,-0.270000000,Healthcare,Biotechnology,NCM,Germany,TÃ¼bingen,https://logo.clearbit.com/immatics.com
HOFV,Hall of Fame Resort & Entertainment Company,GPAQ,Gordon Pointe Acquisition Corp. ,,2020-07-01,2018-01-25,-0.670000000,-0.206900000,3.300000000,0.061100000,311933168.000000000,125000000.000000000,FinTech,James Dolan,B. Riley FBR,Trading,Warrants Trading,,,2020-07-31,,,-18.510000000,,0.067779996,,Communication Services,Entertainment,NMS,United States,Canton,https://logo.clearbit.com/hofreco.com
FREE,Whole Earth Brands Inc,ACTT,Act II Global Acquisition Corp ,"Merisant Company, MAFCO Worldwide (Subsidiaries of Flavors Holdings Inc.)",2020-06-25,2019-04-25,0.305000000,0.153100000,13.050000000,-0.010200000,501275782.000000000,300000000.000000000,"Consumer packaged goods, Hospitality, Restaurants, Health and Wellness","Irwin Simon (Founder, Hain Celestial Group; Former Chairman, Aphria Inc)","JP Morgan, Cantor Fitzgerald",Trading,Warrants Trading,,,2020-07-25,,,20.666000000,,0.639600000,,Consumer Defensive,Packaged Foods,NCM,United States,Chicago,https://logo.clearbit.com/wholeearthbrands.com
LGHL,Lion Group Holding Ltd,PAAC,Proficient Alpha Acquisition Corp ,Lion Financial Group,2020-06-18,2019-05-29,-0.760000000,-0.400300000,2.400000000,0.030100000,88887511.000000000,115000000.000000000,"China, Financial Services",,"I-Bankers, EarlyBirdCapital",Trading,Warrants Trading,,,2020-07-18,,,,,0.020350002,,Financial Services,Asset Management,NCM,Hong Kong,Kowloon Bay,https://logo.clearbit.com/libkr.com
LPRO,Open Lending Corp.,NEBU,Nebula Acquisition Corporation ,,2020-06-10,2018-01-09,2.681000000,0.816800000,36.810000000,0.033800000,4644434030.000000000,250000000.000000000,Tech,True Wind Capital,"Deutsche Bank, Goldman Sachs",Trading,,,,,2020/9/8,,70.055000000,,0.549620030,0.920000000,Financial Services,Credit Services,NGM,United States,Austin,https://logo.clearbit.com/openlending.com
NKLA,Nikola Corporation,VTIQ,VectoIQ Acquisition Corp ,,2020-06-03,2018-05-15,0.004000000,0.001400000,10.040000000,0.039900000,3933177046.000000000,230000000.000000000,,"Stephen Girsky (CEO VectoIQ; Former Vice Chairman, General Motors)","Cowen, Chardan",Trading,,,Trevor Milton (Chairman upon Merger),,2020/8/21,,-10.465000000,,0.179510000,-0.640000000,Consumer Cyclical,Auto Manufacturers,NMS,United States,Phoenix,https://logo.clearbit.com/nikolamotor.com
HYMC,Hycroft Mining Holding Corporation,MUDS,Mudrick Capital Acquisition Corporation ,,2020-05-29,2018-02-07,-0.629000000,-0.196400000,3.710000000,0.069200000,222832800.000000000,200000000.000000000,Post-Restructured companies,,Cantor,Trading,Warrants Trading,,,2020-06-28,,,-4.019000000,,0.969660040,,Basic Materials,Other Precious Metals & Mining,NCM,United States,Denver,https://logo.clearbit.com/hycroftmining.com
SJ,Scienjoy Holding Corp,HHHH,Wealthbridge Acquisition Limited ,,2020-05-07,2019-02-06,-0.038000000,-0.017200000,9.620000000,0.077900000,259955881.000000000,50000000.000000000,"Air Transportation, China",,Chardan,Trading,,,,,,,0.470000000,,0.009680000,,Communication Services,Broadcasting,NCM,China,Beijing,https://logo.clearbit.com/scienjoy.com
DKNG,DraftKings Inc,DEAC,Diamond Eagle Acquisition Corp ,,2020-04-23,2019-05-10,4.786000000,2.453500000,57.860000000,0.038600000,23011205756.000000000,400000000.000000000,"Online Casino, Sports Betting","Jeff Sagansky, Harry Sloan (Former CEO of MGM)","Deutsche Bank, Goldman Sachs",Trading,,,Jason Robbins,,2020/6/6,,-28.790000000,,0.531130000,-1.230000000,Consumer Cyclical,Gambling,NMS,United States,Boston,https://logo.clearbit.com/draftkings.com
AVCT,American Virtual Cloud Technologies,WRLS,Pensare Acquisition Corp. ,"Stratos Management Systems, Inc. ",2020-04-17,2017-07-27,-0.307000000,-0.082200000,6.930000000,0.014600000,136691176.000000000,310500000.000000000,Telecom,,EarlyBirdCapital,Trading,Warrants Trading,,,2020-05-17,,,-18.227000000,,0.064410000,,Technology,Information Technology Services,NCM,United States,Atlanta,https://logo.clearbit.com/avctechnologies.com
IGIC,International General Insuranc Hldgs Ltd,TIBR,Tiberius Acquisition Corporation ,International General Insurance Holdings Ltd,2020-03-17,2018-03-15,-0.243000000,-0.078300000,7.570000000,0.015900000,368969394.000000000,150000000.000000000,,,"Cantor, Dowling and Partners",Trading,Warrants Trading,,,2020-04-16,,,1.468000000,,0.513120000,,Financial Services,Insurance—Diversified,NCM,Jordan,Amman,https://logo.clearbit.com/iginsure.com
BWMX,Betterware De Mexico,DDMX,DD3 Acquisition Corp. ,,2020-03-13,2018-10-11,3.045000000,1.204100000,40.450000000,-0.001500000,1393543785.000000000,50000000.000000000,Mexico,,EarlyBirdCapital,Trading,,,,,2020/11/9,,0.699000000,,0.028690000,,Consumer Cyclical,Specialty Retail,NMS,Mexico,Zapopan,https://logo.clearbit.com/betterware.com.mx
GDYN,"Grid Dynamics Holdings, Inc",CTAC,ChaSerg Technology Acquisition Corp. ,,2020-03-05,2018-10-04,0.454000000,0.178200000,14.540000000,0.047900000,782021945.000000000,200000000.000000000,Tech,,Cantor,Trading,Warrants Trading,,,2020-04-04,,,-58.008000000,,0.490300000,,Technology,Information Technology Services,NCM,United States,San Ramon,https://logo.clearbit.com/griddynamics.com
METX,Meten EdtechX Education Group,EDTX,EdTechx Holdings Acquisition Corp ,Meten Education,2020-03-30,2018-10-05,-0.820000000,-0.322200000,1.800000000,0.040500000,94861253.000000000,55000000.000000000,EdTech,,"Chardan, I-Bankers",Trading,Warrants Trading,,,2020-04-29,,,-1.218000000,,0.123220000,,Consumer Defensive,Education & Training Services,NMS,China,Shenzhen,https://logo.clearbit.com/investor.metenedu-edtechx.com
ATCX,Atlas Technical Consultants,BWMC,Boxwood Merger Corp ,Atlas Intermediate Holdings,2020-02-14,2018-11-15,-0.104000000,-0.042700000,8.960000000,-0.002200000,316112474.000000000,200000000.000000000,"Technical Services, Industrial Services","Steve Kadenacy (Former COO, AECOM)","BofA Merrill Lynch, Morgan Stanley, Macquarie Capital",Trading,,,,,,,15.187000000,,0.536640000,,Industrials,Engineering & Construction,NGM,United States,Austin,https://logo.clearbit.com/oneatlas.com
ALTG,Alta Equipment Group Inc,BRPM,B. Riley Principal Merger Corp ,,2020-02-14,2019-04-09,0.307000000,0.150800000,13.070000000,0.030800000,392341785.000000000,143800000.000000000,,Kenneth Young (President of B. Riley Financial),B. Riley FBR,Trading,Warrants Trading,,,2020-04-08,,,12.188000000,,0.656169950,,Industrials,Rental & Leasing Services,NYQ,United States,Livonia,https://logo.clearbit.com/altaequipment.com
GSMG,Glory Star New Media Group,TKKS,TKK Symphony Acquisition Corporation ,,2020-02-15,2018-08-16,-0.605000000,-0.225600000,3.950000000,-0.015000000,261015805.000000000,220000000.000000000,"Consumer Products, China",,EarlyBirdCapital,Trading,Warrants Trading,,,2020-03-16,,,6.943000000,,0.002770000,,Communication Services,Broadcasting,NCM,China,Beijing,https://logo.clearbit.com/yaoshixinghui.com
PAE,PAE Inc,GRSH,Gores Holdings III ,PAE (Platinum Equity Portfolio Company),2020-02-10,2018-09-06,-0.205000000,-0.078100000,7.950000000,0.013400000,739439735.000000000,375000000.000000000,,Gores Group,Deutsche Bank,Trading,Warrants Trading,,,2020-03-11,,,13.673000000,,0.843720000,0.150000000,Industrials,Specialty Business Services,NCM,United States,Falls Church,https://logo.clearbit.com/pae.com
VRT,Vertiv Holdings Co,GSAH,GS Acquisition Holdings Corp ,Veritiv Holdings (Platinum Equity Portfolio Company),2020-02-10,2018-06-08,1.186000000,0.413100000,21.860000000,0.003700000,7682493916.000000000,600000000.000000000,,"Goldman Sachs, David Cote (Former CEO, Honeywell)",Goldman Sachs,Trading,,,,,2021/1/18,,17.653000000,,0.871740040,1.050000000,Industrials,Electrical Equipment & Parts,NYQ,United States,Columbus,https://logo.clearbit.com/vertiv.com
VVNT,Vivint Smart Home,MOSC,Mosaic Acquisition Corp. ,,2020-01-17,2017-10-29,0.271000000,0.077900000,12.710000000,0.023300000,2580666369.000000000,345000000.000000000,,Fortress,"Deutsche Bank, RBC Capital Markets, JP Morgan",Trading,,,,,2021/1/7,,-35.557000000,,0.850690000,0.410000000,Industrials,Security & Protection Services,NYQ,United States,Provo,https://logo.clearbit.com/vivint.com
KLDI,KLDiscovery Inc,PVT,Pivotal Acquisition Corp. ,,2019-12-20,2018-12-26,-0.150000000,-0.064600000,8.500000000,0.000000000,361496600.000000000,200000000.000000000,"LogTech, Cyber Security","Jon Ledecky (co-owner, New York Islanders), Katrina Adams (Chairman, US Open and Former Pro Tennis Player), Efrat Epstein (Managing Partner of Sound Ventures) ",Cantor,Trading,Warrants Trading,,,2020-01-19,,,15.338000000,,0.564049960,,Technology,Software—Application,PNK,United States,McLean,https://logo.clearbit.com/kldiscovery.com
BROG,Brooge Holdings Limited,TWLV,Twelve Seas Investment Corp. ,Brooge Holdings and Brooge Petroleum and Gas Investment Company,2019-12-20,2018-06-20,-0.090000000,-0.031700000,9.100000000,-0.076100000,997249021.000000000,180000000.000000000,Pan-Eurasia,,EarlyBirdCapital,Trading,Warrants Trading,,,2020-01-19,,,44.398000000,,0.033260000,,Energy,Oil & Gas Midstream,NCM,United Arab Emirates,Fujairah,https://logo.clearbit.com/broogeenergy.com
IMVT,Immunovant Inc.,HSAC,Health Sciences Acquisition ,Immunovant Sciences Ltd.,2019-12-19,2019-05-09,0.547000000,0.280000000,15.470000000,0.009100000,1516594595.000000000,100000000.000000000,"Biopharma, MedTech, Healthcare",RTW Investments,"Chardan, UBS",Trading,,,,,,,-11.705000000,,0.418380020,,Healthcare,Biotechnology,NMS,United States,New York,https://logo.clearbit.com/immunovant.com
NFH,New Frontier Health,NFC,New Frontier Corporation ,United Family Healthcare,2019-12-19,2018-06-28,0.114000000,0.040500000,11.140000000,-0.008000000,1595939118.000000000,250000000.000000000,"Healthcare, Tech, Education",,"Credit Suisse, UBS",Trading,Warrants Trading,,,2020-01-18,,,13.824000000,,0.478040000,,Healthcare,Medical Care Facilities,NYQ,China,Beijing,https://logo.clearbit.com/nfh.com.cn
KLR,"Kaleyra, Inc.",GIG,"Gig Capital, Inc ",,2019-11-25,2017-12-08,0.431000000,0.127900000,14.310000000,0.052400000,445822386.000000000,125000000.000000000,"Tech, Media, Telecom",Avi Katz (Tech entrepreneur),Cowen & Company,Trading,Warrants Trading,,,2019-12-25,,,-23.797000000,,0.307490000,,Communication Services,Telecom Services,ASE,Italy,Milan,https://logo.clearbit.com/kaleyra.com
ACEL,Accel Entertainment Inc,TPGH,TPG Pace Holdings Corp ,,2019-11-20,2017-06-27,0.197000000,0.051600000,11.970000000,0.006300000,1117752280.000000000,450000000.000000000,,"TPG, Karl Peterson (Hotwire Founder)","Deutsche Bank, Goldman Sachs, JP Morgan",Trading,,,,,2020/7/16,,70.667000000,,0.642720040,0.950000000,Consumer Cyclical,Gambling,NYQ,United States,Burr Ridge,https://logo.clearbit.com/accelentertainment.com
BRMK,Broadmark Realty Capital Inc.,TMCX,Trinity Merger Corp. ,,2019-11-14,2018-05-14,0.066000000,0.022500000,10.660000000,0.002800000,1413085315.000000000,300000000.000000000,Real Estate,Trinity Investments,B. Riley FBR,Trading,Warrants Trading,,,2019-12-14,,,,,0.566100000,,Real Estate,REIT—Mortgage,NYQ,United States,Seattle,https://logo.clearbit.com/broadmark.com
AHCO,AdaptHealth,DFBH,DFB Healthcare Acquisitions ,,2019-11-08,2018-02-16,1.905000000,0.599400000,29.050000000,0.027600000,3337798432.000000000,250000000.000000000,Healthcare,Deerfield,"Goldman Sachs, Deutsche Bank",Trading,,,,,,,23.655000000,,0.498860000,0.900000000,Healthcare,Medical Devices,NCM,United States,Plymouth Meeting,https://logo.clearbit.com/adapthealth.com
PHGE,BiomX,CHAC,Chardan Healthcare Acquisition ,,2019-10-28,2018-12-13,-0.355000000,-0.150700000,6.450000000,0.025400000,140000000.000000000,70000000.000000000,Healthcare,Chardan,Chardan,Trading,Warrants Trading,,,2019-12-13,,,-3.538000000,,0.274160000,,Healthcare,Biotechnology,ASE,Israel,Ness Ziona,https://logo.clearbit.com/biomx.com
SPCE,Virgin Galactic Holdings Inc,IPOA,Social Capital Hedosophia ,,2019-10-25,2017-09-14,1.194000000,0.331400000,21.940000000,0.046300000,5203294415.000000000,690000000.000000000,Tech,"Chamath Palihapitiya (Managing Partner, Social Capital)",Credit Suisse,Trading,,,Sir Richard Branson,,2020/4/13,,-16.896000000,,0.283600000,0.520000000,Industrials,Aerospace & Defense,NYQ,United States,Las Cruces,https://logo.clearbit.com/virgingalactic.com
DMTK,DermTech Inc,CNAC,Constellation Alpha Capital Corp ,,2019-08-30,2017-06-19,2.645000000,0.688600000,36.450000000,0.042000000,1054105955.000000000,143750000.000000000,"Healthcare, India","Rajiv Shukla (CEO, Alpha Healthcare Acq Corp)","Cowen, I-Bankers",Trading,Warrants Trading,,,2019-09-29,,-20.629631000,-30.570000000,,0.470309970,,Healthcare,Diagnostics & Research,NCM,United States,La Jolla,https://logo.clearbit.com/dermtech.com
AESE,Allied Esports Entertainment,BRAC,Black Ridge Acquisition Corp. ,"Allied Esports International, Inc.",2019-08-09,2017-10-04,-0.741000000,-0.208900000,2.590000000,0.040200000,101958398.000000000,120000000.000000000,Energy,Black Ridge Oil & Gas,EarlyBirdCapital,Trading,Warrants Trading,,,2019-09-08,,-16.531250000,-6.485000000,,0.203610000,,Communication Services,Entertainment,NCM,United States,Irvine,https://logo.clearbit.com/alliedesportsent.com
CTOS,"Nesco Holdings, Inc.",CIC,Capitol Investment Corp IV ,,2019-07-31,2017-08-15,-0.008000000,-0.002200000,9.920000000,0.031200000,2448732741.000000000,350000000.000000000,,Mark Ein,"Citigroup, Deutsche Bank, JP Morgan",Trading,,Nesco Holdings closed acquisition of Custom Truck One Source in 3/2021. NSCO changed ticker to CTOS,,,,,43.289000000,,0.824260000,,Industrials,Rental & Leasing Services,NYQ,United States,Kansas City,https://logo.clearbit.com/customtruck.com
RPAY,Repay Holdings Corporation,TBRG,"Thunder Bridge Acquisition, Ltd. ",,2019-07-11,2018-06-19,1.310000000,0.461100000,23.100000000,-0.021600000,2033323248.000000000,225000000.000000000,FinTech,"Peter Kight, Founder CheckFree (acquired by FiServ),Board Member of Bill.com","Cantor, CITIC",Trading,,,,,2020/7/27,,66.932000000,,0.979130000,3.440000000,Technology,Software—Infrastructure,NCM,United States,Atlanta,https://logo.clearbit.com/repay.com
KERN,Akerna,MTEC,MTech Acquisition ,,2019-06-17,2018-01-29,-0.610000000,-0.189000000,3.900000000,0.029000000,89359298.000000000,57500000.000000000,Cannabis,,"EarlyBirdCapital, I-Bankers",Trading,Warrants Trading,,,2019-07-17,,-12.060606000,-6.552000000,,0.170820010,,Healthcare,Health Information Services,NCM,United States,Denver,https://logo.clearbit.com/akerna.com
XYNO,"Xynomic Pharmaceuticals Holdings, Inc.",BCAC,Bison Capital Acquisition Corp. ,,2019-05-15,2017-06-19,,,,,,52500000.000000000,,,"EarlyBirdCapital, Chardan",Trading (OTC),,Delisted (July 2019),,,,,-4.019000000,,0.000000000,,Healthcare,Biotechnology,PNK,China,Shanghai,https://logo.clearbit.com/xynomicpharma.com
CLVT,Clarivate Analytics Plc,CCC,Churchill Capital I ,,2019-05-13,2018-09-06,1.547000000,0.589400000,25.470000000,0.024100000,15482215885.000000000,690000000.000000000,,"Michael Klein (Former Co-CEO of Citi Markets and Banking),Jerre Stead (Former IHS CEO)","Citigroup, B. Riley FBR",Trading,,,,,2020/3/23,,61.044000000,,0.770630060,1.610000000,Technology,Information Technology Services,NYQ,United Kingdom,London,https://logo.clearbit.com/clarivate.com
KXIN,Kaixin Auto Holdings,CMSS,CM Seven Star Acquisition Corporation ,,2019-05-01,2017-10-25,-0.790000000,-0.226300000,2.100000000,0.039700000,137428766.000000000,180000000.000000000,,,"EarlyBirdCapital, I-Bankers",Trading,Warrants Trading,,,2019-05-31,,,-2.661000000,,0.014970000,,Consumer Cyclical,Auto & Truck Dealerships,NCM,China,Beijing,https://logo.clearbit.com/ir.kaixin.com
HUNTF,Hunter Maritime Acquisition Corp,HUNT,Hunter Maritime Acquisition Corp ,NCF Wealth Holdings Limited,2019-03-21,2016-11-18,,,,,,150000000.000000000,Drybulk Shipping,Belgium's Saverys Family (CMB),"Morgan Stanley, I-Bankers",Trading (OTC),,Delisted (April 2019),,,,,-1.591000000,,0.000000000,,Financial Services,Credit Services,PNK,China,Beijing,https://logo.clearbit.com/ncfwx.com
OSW,OneSpaWorld,HYAC,Haymaker Acquisition I ,,2019-03-19,2017-10-24,0.059000000,0.016900000,10.590000000,0.038800000,733462173.000000000,300000000.000000000,,Steven Heyer (Former CEO of Starwood Hotels),"Cantor, I-Bankers",Trading,Warrants Trading,,,2019-04-18,,41.000000000,-26.126000000,,0.975230040,,Consumer Cyclical,Leisure,NCM,Bahamas,Nassau,https://logo.clearbit.com/onespaworld.com
TH,Target Hospitality Corp,EAGL,Platinum Eagle Acquisition Corp ,"Target Logistics Management, RL Signor Holdings",2019-03-15,2018-01-11,-0.717000000,-0.218800000,2.830000000,0.066000000,285992269.000000000,300000000.000000000,"Media, Entertainment","Jeff Sagansky, Harry Sloan (Former CEO of MGM)","Deutsche Bank, BofA Merrill Lynch",Trading,,,,,,48.000004000,8.969000000,,0.836930040,-1.860000000,Energy,Oil & Gas Equipment & Services,NCM,United States,The Woodlands,https://logo.clearbit.com/targethospitality.com
BIOX,Bioceres Crop Solutions Corp,LTN,Union Acquisition Corp ,"Bioceres, Inc",2019-03-04,2018-02-28,0.343000000,0.109100000,13.430000000,0.025200000,485029967.000000000,200000000.000000000,Latin America,,"Ladenburg Thalmann, Brookline",Trading,,,,,,13.445544000,18.533000000,,0.009410000,,Basic Materials,Agricultural Inputs,ASE,Argentina,Rosario,https://logo.clearbit.com/biocerescrops.com
GTYH,GTY Technology Holdings Inc,GTYH,GTY Technology Holdings Inc ,"Bonfire, CityBase, eCivis, Open Counter, Questica",2019-02-19,2016-10-26,-0.443000000,-0.098700000,5.570000000,-0.015900000,307079178.000000000,552000000.000000000,Tech,"Harry You, Joe Tucci (Former CEO, EMC)","Citigroup, I-Bankers",Trading,Warrants Trading,,,2019-03-21,,-35.625000000,-16.543000000,,0.446150000,,Technology,Software—Application,NCM,United States,Las Vegas,https://logo.clearbit.com/gtytechnology.com
AGLY,Agiliti Inc,FSAC,Federal Street Acquisition Corp ,,2019-01-04,2017-07-18,0.051000000,0.013600000,10.510000000,0.000000000,,460000000.000000000,Healthcare,Thomas H. Lee Partners,"Citigroup, BofA Securities",Trading,,,,,,,10.121000000,,0.000000000,,,,PNK,United States,Minneapolis,https://logo.clearbit.com/agilitihealth.com
PACK,Ranpak Holdings Corp,OMAD,One Madison Corp. ,,2018-12-13,2018-01-17,0.786000000,0.241100000,17.860000000,-0.000600000,1366901188.000000000,300000000.000000000,Consumer,,"Credit Suisse, BofA Securities",Trading,,,,,,90.400000000,22.024000000,,0.921130000,,Consumer Cyclical,Packaging & Containers,NYQ,United States,Concord Township,https://logo.clearbit.com/ranpak.com
WTRH,Waitr Holdings Inc,LCA,Landcadia Holdings Inc ,,2018-11-15,2016-05-25,-0.746000000,-0.151900000,2.540000000,0.016500000,283415439.000000000,250000000.000000000,,"Tilman Fertitta (Houston Rockets owner, CEO of Landry's)","Jefferies, Deutsche Bank",Trading,,,,,,12.799999000,8.336000000,,0.495190020,0.760000000,Technology,Software—Application,NMS,United States,Lafayette,https://logo.clearbit.com/waitrapp.com
VRRM,Verra Mobility Corp,GSHT,Gores Holdings II Inc ,,2018-10-17,2017-01-12,0.423000000,0.099000000,14.230000000,0.020100000,2310386994.000000000,400000000.000000000,,Gores Group,Deutsche Bank,Trading,Warrants Trading,,,2018-11-16,,30.590910000,19.895000000,,0.998840030,82.060000000,Industrials,Security & Protection Services,NCM,United States,Mesa,https://logo.clearbit.com/verramobility.com
FLMN,Falcon Minerals Corporation,OSPR,Osprey Energy Acquisition Corp ,Royal Resources L.P. (Assets),2018-08-24,2017-07-20,-0.560000000,-0.149100000,4.400000000,0.013800000,378871600.000000000,275000000.000000000,Energy,,"Credit Suisse, I-Bankers",Trading,Warrants Trading,,,2018-09-23,,13.424241000,15.720000000,,0.641530000,5.370000000,Energy,Oil & Gas E&P,NCM,United States,New York,https://logo.clearbit.com/falconminerals.com
MGY,Magnolia Oil & Gas Corporation,TPGE,TPG Pace Energy Holdings Corp ,"EnerVest, Ltd.¡¯s South Texas Division",2018-07-31,2017-05-14,0.074000000,0.018800000,10.740000000,0.008000000,2616687100.000000000,650000000.000000000,,TPG,"Deutsche Bank, Goldman Sachs, Citigroup, Credit Suisse",Trading,,,,,,8.677420000,6.984000000,,0.994590000,0.200000000,Energy,Oil & Gas E&P,NYQ,United States,Houston,https://logo.clearbit.com/magnoliaoilgas.com
IMXI,International Money Express Inc,FNTE,FinTech Acquisition Corp II ,Intermex Holdings II,2018-07-26,2017-01-19,0.460000000,0.108100000,14.600000000,0.005200000,557793909.000000000,175000000.000000000,FinTech,"Betsy Cohen (Founder/Fmr CEO Bancorp),Daniel Cohen","Cantor, Northland",Trading,,,,,,12.000000000,33.428000000,,0.803760000,26.330000000,Technology,Information Technology Services,NCM,United States,Miami,https://logo.clearbit.com/intermexonline.com
LAZY,Lazydays Holdings Inc,ANDA,Andina Acquisition Corp II ,Lazydays R.V. Center,2018-03-15,2015-12-01,1.077000000,0.199700000,20.770000000,0.023700000,223646147.000000000,40600000.000000000,Latin America,Julio Torres,EarlyBirdCapital,Trading,Warrants Trading,,,2018-04-14,,8.885827000,7.762000000,,0.603310000,0.230000000,Consumer Cyclical,Auto & Truck Dealerships,NMS,United States,Seffner,https://logo.clearbit.com/lazydays.com
CVON,ConvergeOne Holdings Inc,FMCI,Forum Merger Corporation ,,2018-02-23,2017-04-06,,,,,,151500000.000000000,,,EarlyBirdCapital,Non-Trading,,Acquired by CVC Fund VII (Nov 2018 - $1.8B),,,,,,,,,NaN,NaN,YHD,NaN,NaN,
AMR,Alta Mesa Resources Inc,SRUN,Silver Run Acquisition Corp II ,"Alta Mesa Holdings, LP and Kingfisher Midstream, LLC",2018-02-09,2017-05-23,,,,,,1035000000.000000000,Energy,,"Citigroup, Credit Suisse, Deutsche Bank, Goldman Sachs",Non-Trading,,"Filed for Bankruptcy (Sep 2019),sold by creditors in 4/2020",,,,2.927966000,8.145000000,,0.729560000,,Energy,Thermal Coal,NYQ,United States,Bristol,https://logo.clearbit.com/alphametresources.com
PRPL,"Purple Innovation, Inc.",GPAC,Global Partner Acquisition Corp. ,,2018-02-02,2015-07-29,2.478000000,0.432100000,34.780000000,0.039800000,,155250000.000000000,,,Deutsche Bank,Trading,,,,,2020/11/30,31.663715000,28.251000000,,0.986520000,0.960000000,Consumer Cyclical,"Furnishings, Fixtures & Appliances",NMS,United States,Lehi,https://logo.clearbit.com/purple.com
WSC,WillScot Corporation,EAGL,Double Eagle Acquisition Corp ,,2017-11-29,2015-09-14,1.891000000,0.337300000,28.910000000,0.021600000,6624016121.000000000,500000000.000000000,"Media, Entertainment","Jeff Sagansky, Harry Sloan (Former CEO of MGM)","Deutsche Bank Securities, BofA Merrill Lynch",Trading,,,,,2020/2/24,26.801802000,29.940000000,,0.796620000,0.560000000,Industrials,Rental & Leasing Services,NCM,United States,Phoenix,https://logo.clearbit.com/willscotmobilemini.com
SMPL,The Simply Good Foods Company,CPAA,Conyers Park Acquisition Corp ,"Atkins Nutritionals, Inc",2017-07-07,2016-07-14,2.357000000,0.493900000,33.570000000,0.017400000,3214279257.000000000,402500000.000000000,,"Centerview Capital, James Kilts (Partner, Centerview Capital Consumer; Former CEO of Gillette; Former CEO of Nabisco; Former Pres. of Kraft USA)","Deutsche Bank, Goldman Sachs",Trading,,,,,,28.752138000,22.814000000,,0.989079950,2.010000000,Consumer Defensive,Packaged Foods,NCM,United States,Denver,https://logo.clearbit.com/thesimplygoodfoodscompany.com
DSKE,Daseke Inc,HCAC,Hennessy Capital Acquisition Corp II ,,2017-02-27,2015-07-22,-0.280000000,-0.048700000,7.200000000,0.022700000,468207491.000000000,175000000.000000000,"Industrial Manufacturing, Distribution, Services",Daniel Hennessy,"UBS, Cantor, BMO Capital Markets",Trading,Warrants Trading,,,2017-03-29,,13.963635000,7.438000000,,0.333400000,2.190000000,Industrials,Trucking,NCM,United States,Addison,https://logo.clearbit.com/daseke.com
TWNK,Hostess Brands,GRSH,Gores Holdings I ,,2016-11-04,2015-08-14,0.523000000,0.091900000,15.230000000,0.009300000,2058655791.000000000,375000000.000000000,,Gores Group,Deutsche Bank,Trading,Warrants Trading,,,2016-12-04,,16.560438000,13.371000000,,1.173150100,1.960000000,Consumer Defensive,Packaged Foods,NCM,United States,Lenexa,https://logo.clearbit.com/hostessbrands.com
CDEV,Centennial Resource Production,SRAQ,Silver Run Acquisition Corp ,,2016-10-11,2016-02-23,-0.617000000,-0.119500000,3.830000000,-0.027000000,1070107913.000000000,450000000.000000000,Energy,,"Deutsche Bank, Citigroup, Goldman Sachs",Trading,,,,,,10.289474500,9.972000000,,0.584460000,-0.540000000,Energy,Oil & Gas E&P,NCM,United States,Denver,https://logo.clearbit.com/cdevinc.com
CCN,CardConnect Corp.,FNTC,FinTech Acquisition Corp ,,2016-08-01,2015-02-13,,,,,,100000000.000000000,FinTech,"Betsy Cohen, Daniel Cohen","Cantor, Northland",Non-Trading,,Acquired by First Data (2017 - $750M),,,,,,,,,NaN,NaN,YHD,NaN,NaN,
LIND,"Lindblad Expeditions Holdings, Inc.",CLAC,Capitol Acquisition Corp. II ,,2015-07-08,2013-05-09,0.726000000,0.091300000,17.260000000,0.032900000,861384820.000000000,180000000.000000000,,Mark Ein,"Citigroup, Deutsche Bank",Trading,,,,,,175.599990000,-22.625000000,,0.633709970,-0.600000000,Consumer Cyclical,Travel Services,NMS,United States,New York,https://logo.clearbit.com/world.expeditions.com
VDTH,Videocon d2h,EAGL,Silver Eagle Acquisition Corp. ,,2015-03-31,2013-07-25,,,,,,325000000.000000000,"Media, Entertainment","Jeff Sagansky, Harry Sloan (Former CEO of MGM)",Deutsche Bank,Non-Trading,,Merged with Dish TV in Mar 2018,,,,,,,,,NaN,NaN,YHD,NaN,NaN,
BLBD,Blue Bird Corporation,HCAC,Hennessy Capital Acquisition Corp ,School Bus Holdings,2015-02-24,2014-01-16,1.562000000,0.215000000,25.620000000,0.031000000,694616636.000000000,115000000.000000000,,Daniel Hennessy,Deutsche Bank,Trading,,,,,,16.189348000,21.619000000,,0.927510000,1.810000000,Consumer Cyclical,Auto Manufacturers,NGM,United States,Macon,https://logo.clearbit.com/blue-bird.com
TGLS,Technoglass Inc.,ANDA,Andina Acquisition Corp ,,2013-12-20,2012-03-16,0.248000000,0.027200000,12.480000000,0.025500000,594504394.000000000,40000000.000000000,Latin America,Julio Torres,"Cowen, Craig-Hallum Capital",Trading,,,,,,10.658120000,8.610000000,,0.160930010,12.540000000,Industrials,Building Products & Equipment,NCM,Colombia,Barranquilla,https://logo.clearbit.com/tecnoglass.com
GEENQ,Global Eagle Entertainment Inc.,EAGL,Global Eagle Acquisition Corp. ,"Row 44, Inc. and Advanced Inflight Alliance AG (86% of the shares)",2013-01-31,2011-05-18,,,,,,190000000.000000000,"Media, Entertainment","Jeff Sagansky, Harry Sloan (Former CEO of MGM); Directors: (Jim McNamara and Dennis Miller)","Citigroup, Deutsche Bank, Macquaire Capital",Trading (OTC),,"Filed for Bankruptcy in July 2020, $ENT Delisted from Nasdaq in Aug 2020, and sold substantially all of assets to creditors in Oct 2020.",,,,,,,,,NaN,NaN,PNK,NaN,NaN,
SUMR,"Summer Infant, Inc.",KBL,KBL Healthcare Acquisition Corp. II ,,2007-03-12,2005-04-21,0.146000000,0.009100000,11.460000000,0.058200000,24446987.000000000,55200000.000000000,,,EarlyBirdCapital,Trading,,,,,,285.400000000,7.137000000,,0.448300000,,Consumer Defensive,Household & Personal Products,NCM,United States,Woonsocket,https://logo.clearbit.com/summerinfant.com
TWO,Two Harbors Investment Corp.,CLA,Capitol Acquisition Corp. ,,2009-10-29,2007-11-14,-0.256000000,-0.019000000,7.440000000,0.015000000,2039202772.000000000,250000000.000000000,,Mark Ein,Citigroup,Trading,,,,,,7.968085000,,,0.621080040,-0.760000000,Real Estate,REIT—Mortgage,NYQ,United States,Minnetonka,https://logo.clearbit.com/twoharborsinvestment.com
NES,"Nuverra Environmental Solutions, Inc.",HEK,Heckmann Corporation ,China Water and Drinks Inc. (CWD became subsidiary of Heckmann),2008-10-31,2007-11-16,-0.794000000,-0.059100000,2.060000000,0.055100000,32923481.000000000,432900000.000000000,,"Richard Heckmann, Dan Quayle (Fmr VP of US under George HW Bush),Lou Holtz (Fmr Notre Dame Football Coach)","Credit Suisse, Roth Capital Partners",Trading,,"Heckmann divests CWD in Oct 2011, Changes name to Nuverra in May 2013",,,,,13.754000000,,0.916910000,,Industrials,Waste Management,ASE,United States,Scottsdale,https://logo.clearbit.com/nuverra.com
GSL,Global Ship Lease,MAQ,Marathon Acquisition Corp. ,,2008-08-14,2006-08-25,0.336000000,0.022900000,13.360000000,0.020600000,484747013.000000000,320300000.000000000,,"Michael Gross (Founder/Fmr CEO, Apollo Investment Corp),Martin Franklin (Co-founder/Fmr Chairman, Jarden Corp)","Citigroup, Ladenburg Thalmann & Co.",Trading,,,,,,3.951008600,7.605000000,,0.235879990,0.480000000,Industrials,Marine Shipping,NYQ,United Kingdom,London,https://logo.clearbit.com/globalshiplease.com
APP,American Apparel Inc.,EDA,Endeavor Acquisition Corp. ,,2007-12-12,2005-12-16,,,,,,129300000.000000015,Services,"Jon Ledecky (co-owner, New York Islanders","Ladenburg Thalmann & Co., Broadband Capital Management",Non-Trading,,"Filed for Bankruptcy in Oct 2015, assets acquired by Gildan Sportswear in Jan 2017",,,,,51.010000000,,0.000000000,,Technology,Software—Application,NMS,United States,Palo Alto,https://logo.clearbit.com/applovin.com
GLG,GLG Partners,FRH,"Freedom Acquisition Holdings, Inc. ",,2007-11-03,2006-12-22,,,,,,528000000.000000000,,"Nicolas Berggruen (Berggruen Holdings),Martin Franklin (Co-founder/Fmr Chairman, Jarden Corp; Fmr Chairman, Apollo Investment Corp, Kenneth Cole),James Hauslein (Fmr Chairman/CEO, Sunglass Hut),William Lauder","Citigroup, Ladenburg Thalmann & Co.",Non-Trading,,Acquired by Man Group (May 2010) for $1.6B (55% premium),,,,,,,0.003140000,,Technology,Information Technology Services,NCM,China,Beijing,https://logo.clearbit.com/imbatcar.com
JMBA,"Jamba, Inc.",SVI,Services Acquisition Corp. ,Jamba Juice Company,2006-11-26,2005-06-25,,,,,,138000000.000000000,"Services: Business, Healthcare, Consumer","Steven Berrard (Fmr Co-Founder/Co-CEO, AutoNation; Fmr CEO, Blockbuster)",Broadband Capital Management,Non-Trading,,Acquired by Focus Brands (Sep 2019 - $200M),,,,,,,,,NaN,NaN,YHD,NaN,NaN,
NHRX,"NationsHealth, Inc.",MSTM,Millstream Acquisition Corporation ,,2004-08-31,2003-08-25,,,,,,24200000.000000000,,Arthur Spector,"EarlyBirdCapital, Inc.",Non-Trading,,Acquired by ComVest Investment Partners III (Jul 2019),,,,,,,,,NaN,NaN,YHD,NaN,NaN,
