Date of IPO,Name,Ticker,ROI,ARR,Status,sector,exchange,country,industry,marketCap,heldPercentInstitutions,logo_url
2021-04-14,TPG Pace Beneficial II Corp.,YTPG,0.011000000000000001,6.364,Seeking a Target,Financial Services,NYQ,United States,Shell Companies,353846528,,https://logo.clearbit.com/tpg.com
2021-04-14,TCV Acquisition Corp.,TCVA,0.025,89.595,Seeking a Target,Financial Services,NMS,United States,Shell Companies,468979968,,
2021-04-09,Global SPAC Partners Company,GLSPT,,,Seeking a Target,NaN,NaN,NaN,NaN,NaN,NaN,
2021-04-09,Aldel Financial Inc.,ADF,,,Seeking a Target,NaN,YHD,NaN,NaN,NaN,NaN,
2021-04-09,TPG Pace Solutions Corp.,TPGS,0.013999999999999999,1.065,Seeking a Target,Financial Services,NYQ,United States,Shell Companies,324964704,,
2021-04-08,Tio Tech A,TIOA,,,Seeking a Target,NaN,NaN,NaN,NaN,NaN,NaN,
2021-04-08,Model Performance Acquisition Corp.,MPAC,,,Seeking a Target,NaN,YHD,NaN,NaN,NaN,NaN,
2021-04-07,Panacea Acquisition Corp. II,PANA,0.003,0.129,Seeking a Target,Financial Services,NMS,United States,Shell Companies,205002048,0.04638,
2021-04-07,CM Life Sciences III Inc.,CMLT,,,Seeking a Target,NaN,NaN,NaN,NaN,NaN,NaN,
2021-04-06,Ace Global Business Acquisition Limited,ACBA,,,Seeking a Target,NaN,YHD,NaN,NaN,NaN,NaN,
2021-03-31,Nocturne Acquisition Corporation,MBTC,,,Seeking a Target,NaN,NaN,NaN,NaN,NaN,NaN,
2021-03-30,two,TWOA,-0.006,-0.121,Seeking a Target,Financial Services,NYQ,United States,Shell Companies,261392000,0.17943001,
2021-03-25,"Landcadia Holdings IV, Inc.",LCA,,,Seeking a Target,NaN,NaN,NaN,NaN,NaN,NaN,
2021-03-25,MSD Acquisition Corp.,MSDA,,,Seeking a Target,NaN,NaN,NaN,NaN,NaN,NaN,
2021-03-24,Corazon Capital V838 Monoceros Corp,CRZN,,,Seeking a Target,NaN,NaN,NaN,NaN,NaN,NaN,
2021-03-24,Decarbonization Plus Acquisition Corporation III,DCRC,,,Seeking a Target,NaN,NaN,NaN,NaN,NaN,NaN,
2021-03-24,Khosla Ventures Acquisition Co. II,KVSB,0.02,0.369,Seeking a Target,Financial Services,NMS,United States,Shell Companies,488561568,,
2021-03-24,Khosla Ventures Acquisition Co. III,KVSC,0.011000000000000001,0.19,Seeking a Target,Financial Services,NCM,United States,Shell Companies,633191296,0.05618,
2021-03-24,Northern Genesis Acquisition Corp. III,NGC,,,Seeking a Target,NaN,YHD,NaN,NaN,NaN,NaN,
2021-03-24,Disruptive Acquisition Corporation I,DISA,,,Seeking a Target,NaN,NaN,NaN,NaN,NaN,NaN,
2021-03-23,Newbury Street Acquisition Corporation,NBST,,,Seeking a Target,Financial Services,NAS,United States,Shell Companies,,,
2021-03-23,ArcLight Clean Transition Corp. II,ACTD,,,Seeking a Target,NaN,NaN,NaN,NaN,NaN,NaN,
2021-03-23,Glass Houses Acquisition Corp.,GLHA,,,Seeking a Target,NaN,NaN,NaN,NaN,NaN,NaN,
2021-03-23,Rocket Internet Growth Opportunities Corp.,RKTA,,,Seeking a Target,NaN,NaN,NaN,NaN,NaN,NaN,
2021-03-23,TB SA Acquisition Corp,TBSA,,,Seeking a Target,NaN,NaN,NaN,NaN,NaN,NaN,
2021-03-23,Virgin Group Acquisition Corp. II,VGII,,,Seeking a Target,NaN,NaN,NaN,NaN,NaN,NaN,
2021-03-23,"Supernova Partners Acquisition Company III, Ltd.",STRE,,,Seeking a Target,NaN,YHD,NaN,NaN,NaN,NaN,
2021-03-23,"Gores Guggenheim, Inc.",GGPI,,,Seeking a Target,NaN,NaN,NaN,NaN,NaN,NaN,
2021-03-23,Magnum Opus Acquisition Limited,OPA,,,Seeking a Target,NaN,NaN,NaN,NaN,NaN,NaN,
2021-03-23,Dragoneer Growth Opportunities Corp. III,DGNU,0.013999999999999999,0.235,Seeking a Target,Financial Services,NMS,United States,Shell Companies,505499968,,
2021-03-23,"Lead Edge Growth Opportunities, Ltd",LEGA,,,Seeking a Target,NaN,NaN,NaN,NaN,NaN,NaN,
2021-03-23,NextGen Acquisition Corp. II,NGCA,,,Seeking a Target,NaN,NaN,NaN,NaN,NaN,NaN,
2021-03-19,LDH Growth Corp I,LDHA,,,Seeking a Target,NaN,NaN,NaN,NaN,NaN,NaN,
2021-03-19,Longview Acquisition Corp. II,LGV,,,Seeking a Target,NaN,NaN,NaN,NaN,NaN,NaN,
2021-03-19,Levere Holdings Corp.,LVRA,,,Seeking a Target,NaN,NaN,NaN,NaN,NaN,NaN,
2021-03-19,Glenfarne Merger Corp.,GGMC,,,Seeking a Target,NaN,YHD,NaN,NaN,NaN,NaN,
2021-03-19,AF Acquisition Corp.,AFAQ,,,Seeking a Target,NaN,NaN,NaN,NaN,NaN,NaN,
2021-03-19,BYTE Acquisition Corp.,BYTS,,,Seeking a Target,NaN,NaN,NaN,NaN,NaN,NaN,
2021-03-18,American Acquisition Opportunity Inc.,AMAO,,,Seeking a Target,NaN,NaN,NaN,NaN,NaN,NaN,
2021-03-18,Forum Merger IV Corporation,FMIV,,,Seeking a Target,NaN,NaN,NaN,NaN,NaN,NaN,
2021-03-18,GX Acquisition Corp. II,GXII,,,Seeking a Target,NaN,NaN,NaN,NaN,NaN,NaN,
2021-03-18,Revolution Healthcare Acquisition Corp.,REVH,,,Seeking a Target,NaN,NaN,NaN,NaN,NaN,NaN,
2021-03-18,Accelerate Acquisition Corp.,AAQC,,,Seeking a Target,NaN,NaN,NaN,NaN,NaN,NaN,
2021-03-18,Research Alliance Corp. II,RACB,0.1,2.319,Seeking a Target,Financial Services,NCM,United States,Shell Companies,209708448,0.15841,
2021-03-17,KKR Acquisition Holdings I Corp.,KAHC,,,Seeking a Target,NaN,NaN,NaN,NaN,NaN,NaN,
2021-03-17,Athena Technology Acquisition Corp.,ATHN,,,Seeking a Target,NaN,YHD,NaN,NaN,NaN,NaN,
2021-03-17,Tech and Energy Transition Corporation,TETC,,,Seeking a Target,NaN,NaN,NaN,NaN,NaN,NaN,
2021-03-17,Golden Arrow Merger Corp.,GAMC,,,Seeking a Target,NaN,NaN,NaN,NaN,NaN,NaN,
2021-03-17,Kadem Sustainable Impact Corporation,KSI,,,Seeking a Target,NaN,NaN,NaN,NaN,NaN,NaN,
2021-03-17,Build Acquisition Corp.,BGSX,,,Seeking a Target,NaN,NaN,NaN,NaN,NaN,NaN,
2021-03-16,Reinvent Technology Partners Y,RTPY,,,Seeking a Target,NaN,NaN,NaN,NaN,NaN,NaN,
2021-03-16,European Biotech Acquisition Corp.,EBAC,,,Seeking a Target,NaN,NaN,NaN,NaN,NaN,NaN,
2021-03-16,Fortress Value Acquisition Corp. IV,FVIV,,,Seeking a Target,NaN,NaN,NaN,NaN,NaN,NaN,
2021-03-16,Plum Acquisition Corp. I,PLMI,,,Seeking a Target,NaN,YHD,NaN,NaN,NaN,NaN,
2021-03-16,Waldencast Acquisition Corp.,WALD,,,Seeking a Target,NaN,NaN,NaN,NaN,NaN,NaN,
2021-03-16,FAST Acquisition Corp. II,FZT,,,Seeking a Target,NaN,NaN,NaN,NaN,NaN,NaN,
2021-03-12,"Gores Technology Partners, Inc.",GTPA,,,Seeking a Target,NaN,NaN,NaN,NaN,NaN,NaN,
2021-03-12,Ross Acquisition Corp II,ROSS,,,Seeking a Target,NaN,YHD,NaN,NaN,NaN,NaN,
2021-03-12,FTAC Parnassus Acquisition Corp.,FTPA,,,Seeking a Target,NaN,NaN,NaN,NaN,NaN,NaN,
2021-03-12,Stratim Cloud Acquisition Corp.,SCAQ,,,Seeking a Target,NaN,NaN,NaN,NaN,NaN,NaN,
2021-03-12,CF Acquisition Corp. VIII,CFFE,,,Seeking a Target,NaN,NaN,NaN,NaN,NaN,NaN,
2021-03-12,"Gores Technology Partners II, Inc.",GTPB,,,Seeking a Target,NaN,NaN,NaN,NaN,NaN,NaN,
2021-03-11,Silver Spike Acquisition Corp II,SPKB,,,Seeking a Target,NaN,NaN,NaN,NaN,NaN,NaN,
2021-03-11,Archimedes Tech SPAC Partners Co.,ATSP,,,Seeking a Target,NaN,NaN,NaN,NaN,NaN,NaN,
2021-03-11,G&P Acquisition Corp.,GAPA,,,Seeking a Target,NaN,NaN,NaN,NaN,NaN,NaN,
2021-03-11,Frontier Acquisition Corp.,FRON,,,Seeking a Target,NaN,NaN,NaN,NaN,NaN,NaN,
2021-03-11,Pine Technology Acquisition Corp.,PTOC,,,Seeking a Target,NaN,NaN,NaN,NaN,NaN,NaN,
2021-03-11,L Catterton Asia Acquisition Corp,LCAA,,,Seeking a Target,NaN,NaN,NaN,NaN,NaN,NaN,
2021-03-10,Agile Growth Corp.,AGGR,,,Seeking a Target,NaN,NaN,NaN,NaN,NaN,NaN,
2021-03-10,Colonnade Acquisition Corp. II,CLAA,,,Seeking a Target,NaN,NaN,NaN,NaN,NaN,NaN,
2021-03-10,Digital Transformation Opportunities Corp.,DTOC,,,Seeking a Target,NaN,NaN,NaN,NaN,NaN,NaN,
2021-03-10,Vector Acquisition Corporation II,VAQC,-0.005,-0.048,Seeking a Target,Financial Services,NMS,United States,Shell Companies,572352960,0.063990004,https://logo.clearbit.com/vectorcapital.com
2021-03-10,Sandbridge X2 Corp.,SBII,,,Seeking a Target,NaN,YHD,NaN,NaN,NaN,NaN,
2021-03-10,Forest Road Acquisition Corp. II,FRXB,,,Seeking a Target,NaN,NaN,NaN,NaN,NaN,NaN,
2021-03-10,ESM Acquisition Corporation,ESM,,,Seeking a Target,NaN,YHD,NaN,NaN,NaN,NaN,
2021-03-10,PWP Forward Acquisition Corp. I,FRW,,,Seeking a Target,NaN,YHD,NaN,NaN,NaN,NaN,
2021-03-09,Peridot Acquisition Corp. II,PDOT,,,Seeking a Target,NaN,NaN,NaN,NaN,NaN,NaN,
2021-03-09,SVF Investment Corp. 2,SVFB,0.035,0.392,Seeking a Target,Financial Services,NMS,United States,Shell Companies,302507008,0.05217,
2021-03-09,SVF Investment Corp. 3,SVFC,0.02,0.21,Seeking a Target,Financial Services,NCM,United States,Shell Companies,418608000,0.056220002,
2021-03-09,Independence Holdings Corp.,ACQR,,,Seeking a Target,NaN,NaN,NaN,NaN,NaN,NaN,
2021-03-05,VPC Impact Acquisition Holdings II,VPCB,,,Seeking a Target,NaN,NaN,NaN,NaN,NaN,NaN,
2021-03-05,Tribe Capital Growth Corp I,ATVC,,,Seeking a Target,NaN,NaN,NaN,NaN,NaN,NaN,
2021-03-05,"VPC Impact Acquisition Holdings III, Inc.",VPCC,,,Seeking a Target,NaN,NaN,NaN,NaN,NaN,NaN,
2021-03-05,Lerer Hippeau Acquisition Corp.,LHAA,-0.005,-0.043,Seeking a Target,Financial Services,NMS,United States,Shell Companies,284895808,0.15890999,
2021-03-05,InterPrivate II Acquisition Corp.,IPVA,,,Seeking a Target,NaN,NaN,NaN,NaN,NaN,NaN,
2021-03-05,InterPrivate III Financial Partners Inc.,IPVF,,,Seeking a Target,NaN,NaN,NaN,NaN,NaN,NaN,
2021-03-05,InterPrivate IV InfraTech Partners Inc.,IPVI,,,Seeking a Target,NaN,NaN,NaN,NaN,NaN,NaN,
2021-03-05,"dMY Technology Group, Inc. IV",DMYQ,,,Seeking a Target,NaN,NaN,NaN,NaN,NaN,NaN,
2021-03-05,Tailwind Two Acquisition Corp.,TWNT,,,Seeking a Target,NaN,NaN,NaN,NaN,NaN,NaN,
2021-03-05,First Reserve Sustainable Growth Corp.,FRSG,,,Seeking a Target,NaN,YHD,NaN,NaN,NaN,NaN,
2021-03-05,Warburg Pincus Capital Corporation I A,WPCA,,,Seeking a Target,NaN,NaN,NaN,NaN,NaN,NaN,
2021-03-05,Warburg Pincus Capital Corporation I B,WPCB,,,Seeking a Target,NaN,NaN,NaN,NaN,NaN,NaN,
2021-03-04,Twin Ridge Capital Acquisition Corp.,TRCA,,,Seeking a Target,NaN,YHD,NaN,NaN,NaN,NaN,
2021-03-04,Altimar Acquisition Corp. III,ATAQ,,,Seeking a Target,NaN,NaN,NaN,NaN,NaN,NaN,
2021-03-04,FTAC Hera Acquisition Corp.,HERA,,,Seeking a Target,NaN,YHD,NaN,NaN,NaN,NaN,
2021-03-04,Property Solutions Acquisition Corp. II,PSAG,-0.004,-0.033,Seeking a Target,Financial Services,NMS,United States,Shell Companies,,0.05333,
2021-03-04,Atlantic Coastal Acquisition Corp.,ACAH,,,Seeking a Target,NaN,NaN,NaN,NaN,NaN,NaN,
2021-03-04,RXR Acquisition Corp.,RXRA,,,Seeking a Target,NaN,NaN,NaN,NaN,NaN,NaN,
2021-03-04,Aurora Acquisition Corp.,AURC,,,Seeking a Target,NaN,NaN,NaN,NaN,NaN,NaN,
2021-03-04,Khosla Ventures Acquisition Co.,KVSA,0.05,0.513,Seeking a Target,Financial Services,NMS,United States,Shell Companies,472641120,0.00049,
2021-03-04,M3-Brigade Acquisition II Corp.,MBAC,,,Seeking a Target,NaN,NaN,NaN,NaN,NaN,NaN,
2021-03-03,Roth CH Acquisition III Co.,ROCR,0.033,0.312,Seeking a Target,Financial Services,NMS,United States,Shell Companies,147682160,0.06115,
2021-03-03,Isos Acquisition Corp.,ISOS,,,Seeking a Target,NaN,NaN,NaN,NaN,NaN,NaN,
2021-03-03,Mission Advancement Corp.,MACC,,,Seeking a Target,NaN,YHD,NaN,NaN,NaN,NaN,
2021-03-02,Goldenbridge Acquisition Limited,GBRG,0.039,0.364,Seeking a Target,Financial Services,NMS,Hong Kong,Shell Companies,,,
2021-03-02,Live Oak Mobility Acquisition Corp.,LOKM,,,Seeking a Target,NaN,NaN,NaN,NaN,NaN,NaN,
2021-03-02,"Advanced Merger Partners, Inc.",AMPI,,,Seeking a Target,NaN,NaN,NaN,NaN,NaN,NaN,
2021-03-02,Northern Star Investment Corp. III,NSTC,,,Seeking a Target,NaN,YHD,NaN,NaN,NaN,NaN,
2021-03-02,Northern Star Investment Corp. IV,NSTD,,,Seeking a Target,NaN,NaN,NaN,NaN,NaN,NaN,
2021-03-02,TCW Special Purpose Acquisition Corp.,TSPQ,,,Seeking a Target,NaN,NaN,NaN,NaN,NaN,NaN,
2021-03-02,Anzu Special Acquisition Corp I,ANZU,,,Seeking a Target,NaN,NaN,NaN,NaN,NaN,NaN,
2021-03-02,DHC Acquisition Corp.,DHCA,,,Seeking a Target,NaN,NaN,NaN,NaN,NaN,NaN,
2021-03-02,NightDragon Acquisition Corp.,NDAC,,,Seeking a Target,NaN,NaN,NaN,NaN,NaN,NaN,
2021-03-02,"Supernova Partners Acquisition Company II, Ltd.",SNII,,,Seeking a Target,NaN,NaN,NaN,NaN,NaN,NaN,
2021-03-02,FinTech Evolution Acquisition Group,FTEV,,,Seeking a Target,NaN,NaN,NaN,NaN,NaN,NaN,
2021-03-02,Arrowroot Acquisition Corp.,ARRW,,,Seeking a Target,NaN,NaN,NaN,NaN,NaN,NaN,
2021-03-02,Haymaker Acquisition Corp. III,HYAC,,,Seeking a Target,NaN,NaN,NaN,NaN,NaN,NaN,
2021-03-02,DHB Capital Corp.,DHBC,,,Seeking a Target,NaN,NaN,NaN,NaN,NaN,NaN,
2021-03-02,Orion Acquisition Corp.,OHPA,,,Seeking a Target,NaN,NaN,NaN,NaN,NaN,NaN,
2021-02-26,African Gold Acquisition Corporation,AGAC,0.003,0.026000000000000002,Seeking a Target,Financial Services,NYQ,United States,Shell Companies,499904992,,
2021-02-26,Fusion Acquisition Corp. II,FSNB,,,Seeking a Target,NaN,NaN,NaN,NaN,NaN,NaN,
2021-02-26,Kensington Capital Acquisition Corp. II,KCAC,,,Seeking a Target,NaN,NYQ,NaN,NaN,,NaN,
2021-02-26,Leo Holdings III Corp,LIII,,,Seeking a Target,NaN,NaN,NaN,NaN,NaN,NaN,
2021-02-26,MCAP Acquisition Corporation,MACQ,,,Seeking a Target,NaN,NAS,NaN,NaN,,NaN,
2021-02-26,Twelve Seas Investment Company II,TWLV,,,Seeking a Target,NaN,NAS,NaN,NaN,,NaN,
2021-02-26,Warrior Technologies Acquisition Company,WARR,,,Seeking a Target,NaN,YHD,NaN,NaN,NaN,NaN,
2021-02-26,SilverBox Engaged Merger Corp I,SBEA,,,Seeking a Target,NaN,NAS,NaN,NaN,,NaN,
2021-02-26,Ibere Pharmaceuticals,IBER,,,Seeking a Target,NaN,NaN,NaN,NaN,NaN,NaN,
2021-02-26,Austerlitz Acquisition Corporation I,AUS,,,Seeking a Target,NaN,NaN,NaN,NaN,NaN,NaN,
2021-02-26,Austerlitz Acquisition Corporation II,ASZ,,,Seeking a Target,NaN,YHD,NaN,NaN,NaN,NaN,
2021-02-26,Freedom Acquisition I Corp.,FACT,,,Seeking a Target,NaN,YHD,NaN,NaN,NaN,NaN,
2021-02-26,ARYA Sciences Acquisition Corp IV,ARYD,0.08,0.774,Seeking a Target,Financial Services,NCM,United States,Shell Companies,206254880,0.27696,
2021-02-25,Isleworth Healthcare Acquisition Corp.,ISLE,0.01,0.071,Seeking a Target,Financial Services,NMS,United States,Shell Companies,,0.0043099998,
2021-02-25,Gores Holdings VIII,GIIX,,,Seeking a Target,NaN,NAS,NaN,NaN,,NaN,
2021-02-25,Flame Acquisition Corp.,FLME,,,Seeking a Target,NaN,YHD,NaN,NaN,NaN,NaN,
2021-02-25,USHG Acquisition Corp.,HUGS,,,Seeking a Target,NaN,NaN,NaN,NaN,NaN,NaN,
2021-02-25,EJF Acquisition Corp.,EJFA,,,Seeking a Target,NaN,NAS,NaN,NaN,,NaN,
2021-02-24,BOA Acquisition Corp.,BOAS,0.003,0.024,Seeking a Target,Financial Services,NYQ,United States,Shell Companies,281175008,,
2021-02-24,Hudson Executive Investment Corp. III,HIII,,,Seeking a Target,Financial Services,NAS,United States,Shell Companies,,,
2021-02-24,Cartesian Growth Corporation,GLBL,,,Seeking a Target,Financial Services,NAS,United States,Shell Companies,,,
2021-02-24,Colicity Inc.,COLI,0.016,0.12,Seeking a Target,Financial Services,NCM,United States,Shell Companies,,,
2021-02-24,Soaring Eagle Acquisition Corp.,SRNG,,,Seeking a Target,NaN,NMS,NaN,NaN,,NaN,
2021-02-23,FTAC Athena Acquisition Corp.,FTAA,,,Seeking a Target,Financial Services,NAS,United States,Shell Companies,,,
2021-02-23,Slam Corp.,SLAM,0.003,0.021,Seeking a Target,Financial Services,NCM,United States,Shell Companies,704375040,,https://logo.clearbit.com/slamcorp.com
2021-02-23,Arctos NorthStar Acquisition Corp.,ANAC,0.021,0.155,Seeking a Target,Financial Services,NYQ,United States,Shell Companies,391358880,,
2021-02-23,Velocity Acquisition Corp.,VELO,,,Seeking a Target,Financial Services,NAS,United States,Shell Companies,,,https://logo.clearbit.com/velocityacq.co
2021-02-23,"Gores Holdings VII, Inc.",GSEV,0.01,0.07400000000000001,Seeking a Target,Financial Services,NMS,United States,Shell Companies,681120000,,
2021-02-19,B. Riley Principal 150 Merger Corp.,BRPM,0.01,0.065,Seeking a Target,Financial Services,NCM,United States,Shell Companies,,,https://logo.clearbit.com/brileyfin.com
2021-02-19,Alpha Capital Acquisition Company,ASPC,0.006999999999999999,0.046,Seeking a Target,Financial Services,NCM,United States,Shell Companies,283474976,,
2021-02-19,CF Acquisition Corp. VI,CFVI,0.001,0.005,Seeking a Target,Financial Services,NCM,United States,Shell Companies,375124000,,
2021-02-19,"Simon Property Group Acquisition Holdings, Inc.",SPGS,0.017,0.115,Seeking a Target,Financial Services,NYQ,United States,Shell Companies,428908288,,
2021-02-19,Tailwind International Acquisition Corp.,TWNI,0.011000000000000001,0.07400000000000001,Seeking a Target,Financial Services,NYQ,United States,Shell Companies,426075008,,https://logo.clearbit.com/twni.tailwindacquisition.com
2021-02-19,Figure Acquisition Corp. I,FACA,0.062,0.47600000000000003,Seeking a Target,Financial Services,NYQ,United States,Shell Companies,423031328,,
2021-02-18,Kismet Acquisition Two Corp.,KAII,-0.003,-0.017,Seeking a Target,Financial Services,NMS,United States,Shell Companies,285187488,,
2021-02-18,Kismet Acquisition Three Corp.,KIII,,,Seeking a Target,Financial Services,NMS,United States,Shell Companies,354172512,0,
2021-02-18,FinServ Acquisition Corp. II,FSRX,,,Seeking a Target,Financial Services,NAS,United States,Shell Companies,,,
2021-02-17,FS Development Corp. II,FSII,0.012,0.075,Seeking a Target,Financial Services,NCM,United States,Shell Companies,259391104,0.0043200003,
2021-02-17,SportsTek Acquisition Corp.,SPTK,0.012,0.078,Seeking a Target,Financial Services,NMS,United States,Shell Companies,,,
2021-02-17,ABG Acquisition Corp. I,ABGI,,,Seeking a Target,Financial Services,NCM,United States,Shell Companies,191392736,0.01323,
2021-02-17,Moringa Acquisition Corp,MACA,0.012,0.075,Seeking a Target,Financial Services,NCM,United States,Shell Companies,147213040,0.14908,https://logo.clearbit.com/moringaac.com
2021-02-17,New Vista Acquisition Corp,NVSA,0.011000000000000001,0.073,Seeking a Target,Financial Services,NMS,United States,Shell Companies,337755008,0.0625,
2021-02-17,Pathfinder Acquisition Corporation,PFDR,-0.001,-0.006,Seeking a Target,Financial Services,NMS,United States,Shell Companies,406726272,,https://logo.clearbit.com/pathfinderacquisition.com
2021-02-16,Medicus Sciences Acquisition Corp.,MSAC,-0.019,-0.114,Seeking a Target,Financial Services,NMS,United States,Shell Companies,,0.08502,https://logo.clearbit.com/medicusspac.com
2021-02-12,Churchill Capital Corp VI,CCVI,0.019,0.11599999999999999,Seeking a Target,Financial Services,NYQ,United States,Shell Companies,686253248,,
2021-02-12,Churchill Capital Corp VII,CVII,0.004,0.023,Seeking a Target,Financial Services,NYQ,United States,Shell Companies,1690500096,0.050830003,
2021-02-12,Bite Acquisition Corp.,BITE,,,Seeking a Target,Financial Services,NYQ,United States,Shell Companies,225431696,0,
2021-02-12,Catcha Investment Corp,CHAA,0.015,0.09,Seeking a Target,Financial Services,NYQ,Malaysia,Shell Companies,375271360,,
2021-02-12,Social Leverage Acquisition Corp I,SLAC,0.009000000000000001,0.053,Seeking a Target,Financial Services,NYQ,United States,Shell Companies,423487488,,
2021-02-12,Tishman Speyer Innovation Corp. II,TSIB,0.015,0.09,Seeking a Target,Financial Services,NMS,United States,Shell Companies,,,
2021-02-12,Broadscale Acquisition Corp.,SCLE,0.006999999999999999,0.040999999999999995,Seeking a Target,Financial Services,NCM,United States,Shell Companies,,,
2021-02-12,Rosecliff Acquisition Corp I,RCLF,0.001,0.004,Seeking a Target,Financial Services,NMS,United States,Shell Companies,309924992,,
2021-02-12,Tuatara Capital Acquisition Corporation,TCAC,0.016,0.09300000000000001,Seeking a Target,Financial Services,NMS,United States,Shell Companies,245305760,0.05829,
2021-02-11,Goal Acquisitions Corp.,PUCK,0.031,0.19,Seeking a Target,Financial Services,NMS,United States,Shell Companies,,0.081470005,
2021-02-11,ION Acquisition Corp 2 Ltd.,IACB,,,Seeking a Target,Financial Services,NYQ,Israel,Shell Companies,322575008,,https://logo.clearbit.com/ion-am.com
2021-02-10,Apollo Strategic Growth Capital II,APGB,0.013000000000000001,0.075,Seeking a Target,Financial Services,NYQ,United States,Shell Companies,846112512,,https://logo.clearbit.com/apollostrategicgrowthcapitalii.com
2021-02-10,Foresight Acquisition Corp.,FORE,0.009000000000000001,0.05,Seeking a Target,Financial Services,NMS,United States,Shell Companies,,0,
2021-02-10,ScION Tech Growth II,SCOB,0.021,0.126,Seeking a Target,Financial Services,NMS,United Kingdom,Shell Companies,425212480,,
2021-02-10,Power & Digital Infrastructure Acquisition Corp.,XPDI,0.027999999999999997,0.168,Seeking a Target,Financial Services,NMS,United States,Shell Companies,429956256,,
2021-02-10,Lazard Growth Acquisition Corp. I,LGAC,0.01,0.057,Seeking a Target,Financial Services,NMS,United States,Shell Companies,,,https://logo.clearbit.com/lazardltd.gcs-web.com
2021-02-09,Venus Acquisition Corporation,VENA,0.10300000000000001,0.718,Seeking a Target,Financial Services,NMS,United States,Shell Companies,59834504,0,
2021-02-09,Pivotal Investment Corporation III,PICC,0.011000000000000001,0.065,Seeking a Target,Financial Services,NYQ,United States,Shell Companies,273516000,0.072459996,
2021-02-09,Progress Acquisition Corp.,PGRW,0.013999999999999999,0.077,Seeking a Target,Financial Services,NCM,United States,Shell Companies,212782512,0.0018099999,
2021-02-09,ECP Environmental Growth Opportunities Corp.,ENNV,,,Seeking a Target,Financial Services,NCM,United States,Shell Companies,,,
2021-02-09,Spartan Acquisition Corp. III,SPAQ,0.016,0.09,Seeking a Target,Financial Services,NYQ,United States,Shell Companies,678746112,,
2021-02-09,Evo Acquisition Corp.,EVOJ,,,Seeking a Target,Financial Services,NMS,United States,Shell Companies,,0,https://logo.clearbit.com/evospac.com
2021-02-09,Crown PropTech Acquisitions,CPTK,0.009000000000000001,0.053,Seeking a Target,Financial Services,NYQ,United States,Shell Companies,,0.055859998,
2021-02-09,Priveterra Acquisition Corp.,PMGM,0.004,0.022000000000000002,Seeking a Target,Financial Services,NCM,United States,Shell Companies,,,
2021-02-09,"GigCapital4, Inc.",GIG,0.001,0.004,Seeking a Target,Financial Services,NCM,United States,Shell Companies,,0,https://logo.clearbit.com/gigcapitalglobal.com
2021-02-09,Adara Acquisition Corp.,ADRA,,,Seeking a Target,NaN,NYQ,NaN,NaN,140285616,NaN,
2021-02-05,RMG Acquisition Corp. III,RMGC,0.008,0.04,Seeking a Target,Financial Services,NCM,United States,Shell Companies,595297472,,
2021-02-05,Thunder Bridge Capital Partners III Inc.,TBCP,0.008,0.043,Seeking a Target,Financial Services,NCM,United States,Shell Companies,520144576,,
2021-02-05,Sustainable Development Acquisition I Corp.,SDAC,0.027999999999999997,0.152,Seeking a Target,Financial Services,NCM,United States,Shell Companies,391267968,,
2021-02-05,JOFF Fintech Acquisition Corp.,JOFF,0.016,0.086,Seeking a Target,Financial Services,NCM,United States,Shell Companies,,,
2021-02-05,Quantum FinTech Acquisition Corporation,QFTA,0.013999999999999999,0.075,Seeking a Target,Financial Services,NYQ,United States,Shell Companies,247788576,0.032509997,
2021-02-05,Compute Health Acquisition Corp.,CPUH,0.021,0.113,Seeking a Target,Financial Services,NYQ,United States,Shell Companies,1063026304,,
2021-02-05,Altimar Acquisition Corp. II,ATMR,0.018000000000000002,0.096,Seeking a Target,Financial Services,NYQ,United States,Shell Companies,425859360,,
2021-02-05,Fifth Wall Acquisition Corp. I,FWAA,0.028999999999999998,0.161,Seeking a Target,Financial Services,NMS,United States,Shell Companies,458068832,0.05302,
2021-02-05,G Squared Ascend I Inc.,GSQD,0.003,0.013999999999999999,Seeking a Target,Financial Services,NYQ,United States,Shell Companies,423496128,,
2021-02-05,HH&L Acquisition Co.,HHLA,0.028999999999999998,0.159,Seeking a Target,Financial Services,NYQ,Hong Kong,Shell Companies,508702496,,
2021-02-05,COVA Acquisition Corp.,COVA,0.018000000000000002,0.095,Seeking a Target,Financial Services,NMS,United States,Shell Companies,368286336,,https://logo.clearbit.com/covaacquisitioncorp.com
2021-02-05,Alkuri Global Acquisition Corp,KURI,0.016,0.086,Seeking a Target,Financial Services,NMS,United States,Shell Companies,425428128,0.05014,
2021-02-04,Centricus Acquisition Corp.,CENH,0.025,0.135,Seeking a Target,Financial Services,NCM,United Kingdom,Shell Companies,432975008,0.050029997,
2021-02-04,Atlas Crest Investment Corp. II,ACII,,,Seeking a Target,Financial Services,NYQ,United States,Shell Companies,433406272,,
2021-02-04,Decarbonization Plus Acquisition Corporation II,DCRN,0.027999999999999997,0.151,Seeking a Target,Financial Services,NMS,United States,Shell Companies,492559360,,
2021-02-04,Astrea Acquisition Corp.,ASAX,0.002,0.008,Seeking a Target,Financial Services,NMS,United States,Shell Companies,,0.0010899999,
2021-02-04,Novus Capital Corporation II,NXU,0.019,0.10099999999999999,Seeking a Target,Financial Services,NYQ,United States,Shell Companies,,,https://logo.clearbit.com/novuscapitalcorporationII.com
2021-02-04,Itiquira Acquisition Corp.,ITQ,0.016,0.085,Seeking a Target,Financial Services,NCM,United States,Shell Companies,,0.12753001,
2021-02-03,CC Neuberger Principal Holdings III,PRPC,0.022000000000000002,0.11599999999999999,Seeking a Target,Financial Services,NYQ,United States,Shell Companies,,0.09,
2021-02-03,"Kernel Group Holdings, Inc.",KRNL,0.009000000000000001,0.044000000000000004,Seeking a Target,Financial Services,NCM,United States,Shell Companies,,,
2021-02-03,Gaming & Hospitality Acquisition Corp.,GHAC,0.004,0.019,Seeking a Target,Financial Services,NCM,United States,Shell Companies,252877280,0.06322,https://logo.clearbit.com/gamingandhospitality.net
2021-02-03,The Music Acquisition Corporation,TMAC,0.011000000000000001,0.057,Seeking a Target,Financial Services,NYQ,United States,Shell Companies,,0.06,https://logo.clearbit.com/musicacquisition.com
2021-02-02,Noble Rock Acquisition Corporation,NRAC,0.013000000000000001,0.068,Seeking a Target,Financial Services,NCM,United States,Shell Companies,300063744,0.05072,https://logo.clearbit.com/noblerockacquisitioncorp.com
2021-02-02,MDH Acquisition Corp.,MDH,0.006999999999999999,0.038,Seeking a Target,Financial Services,NYQ,United States,Shell Companies,271032000,0.06404,
2021-02-02,Ares Acquisition Corporation,AAC,0.004,0.021,Seeking a Target,Financial Services,NYQ,United States,Shell Companies,1227617792,0.0004,
2021-02-02,Jaws Mustang Acquisition Corporation,JWSM,0.026000000000000002,0.136,Seeking a Target,Financial Services,NYQ,United States,Shell Companies,1287281280,,
2021-02-02,Thimble Point Acquisition Corp.,THMA,0.012,0.06,Seeking a Target,Financial Services,NCM,United States,Shell Companies,,,
2021-01-29,Brookline Capital Acquisition Corporation,BCAC,0.066,0.354,Seeking a Target,Financial Services,NMS,United States,Shell Companies,73527208,0.03425,
2021-01-29,Growth Capital Acquisition Corporation,GCAC,0.005,0.022000000000000002,Seeking a Target,Financial Services,NCM,United States,Shell Companies,211312512,,
2021-01-29,CF Acquisition Corp. V,CFV,0.013999999999999999,0.066,Seeking a Target,Financial Services,NCM,United States,Shell Companies,314996512,0.058590002,
2021-01-29,BlueRiver Acquisition Corp.,BLUA,0.01,0.047,Seeking a Target,Financial Services,NYQ,United States,Shell Companies,360762240,0.08,
2021-01-29,"Mason Industrial Technology, Inc.",MIT,0.006,0.027000000000000003,Seeking a Target,Financial Services,NYQ,United States,Shell Companies,615625024,,https://logo.clearbit.com/masonitech.com
2021-01-29,EQ Health Acquisition Corp.,EQHA,0.016,0.076,Seeking a Target,Financial Services,NYQ,United States,Shell Companies,270874016,0.1033,https://logo.clearbit.com/eqhealthspac.com
2021-01-29,Clarim Acquisition Corp.,CLRM,-0.001,-0.002,Seeking a Target,Financial Services,NMS,United States,Shell Companies,352187520,,
2021-01-29,Z-Work Acquisition Corp.,ZWRK,0.002,0.011000000000000001,Seeking a Target,Financial Services,NCM,United States,Shell Companies,281750016,0.06,
2021-01-28,ITHAX Acquisition Corp.,ITHX,0.02,0.09699999999999999,Seeking a Target,Financial Services,NCM,United States,Shell Companies,,,
2021-01-28,Ignyte Acquisition Corp.,IGNY,0.023,0.11,Seeking a Target,Financial Services,NMS,United States,Shell Companies,,0,
2021-01-28,TLG Acquisition One Corp.,TLGA,0.004,0.019,Seeking a Target,Financial Services,NYQ,United States,Shell Companies,492000000,,
2021-01-27,Constellation Acquisition Corp I,CSTA,0.038,0.18600000000000003,Seeking a Target,Financial Services,NYQ,United States,Shell Companies,390108128,0.067329995,
2021-01-27,Climate Real Impact Solutions II Acquisition Corporation,CLIM,0.03,0.147,Seeking a Target,Financial Services,NYQ,United States,Shell Companies,,,
2021-01-27,HealthCor Catalio Acquisition Corp.,HCAQ,0.006999999999999999,0.033,Seeking a Target,Financial Services,NMS,United States,Shell Companies,256333024,0.11359999,
2021-01-27,Fortistar Sustainable Solutions Corp.,FSSI,0.035,0.172,Seeking a Target,Financial Services,NCM,United States,Shell Companies,318586432,,https://logo.clearbit.com/fortistarssc.com
2021-01-26,Biotech Acquisition Company,BIOT,0.019,0.09,Seeking a Target,Financial Services,NCM,United States,Shell Companies,281750016,0.06522,
2021-01-26,Hudson Executive Investment Corp. II,HCII,0.002,0.006999999999999999,Seeking a Target,Financial Services,NCM,United States,Shell Companies,,,
2021-01-26,Bridgetown 2 Holdings Limited,BTNB,0.031,0.149,Seeking a Target,Financial Services,NMS,Hong Kong,Shell Companies,385336256,0.25105,
2021-01-26,"LMF Acquisition Opportunities, Inc.",LMAO,0.03,0.14400000000000002,Seeking a Target,Financial Services,NCM,United States,Shell Companies,129492168,0.070300005,
2021-01-26,D and Z Media Acquisition Corp.,DNZ,0.019,0.09,Seeking a Target,Financial Services,NYQ,United States,Shell Companies,355421888,,
2021-01-26,Science Strategic Acquisition Corp. Alpha,SSAA,0.008,0.039,Seeking a Target,Financial Services,NCM,United States,Shell Companies,305842496,,
2021-01-26,DiamondHead Holdings Corp.,DHHC,0.01,0.044000000000000004,Seeking a Target,Financial Services,NCM,United States,Shell Companies,338445024,0.06957,
2021-01-22,Jack Creek Investment Corporation,JCIC,0.013999999999999999,0.062,Seeking a Target,Financial Services,NCM,United States,Shell Companies,423056256,0.00033,
2021-01-22,SCP & CO Healthcare Acquisition Company,SHAC,0.012,0.053,Seeking a Target,Financial Services,NCM,United States,Shell Companies,281606240,0.12941,
2021-01-22,Liberty Media Acquisition Corp.,LMACA,0.08800000000000001,0.44299999999999995,Seeking a Target,Financial Services,NMS,United States,Shell Companies,,1.0000001e-05,
2021-01-22,Virtuoso Acquisition Corp.,VOSO,0.015,0.065,Seeking a Target,Financial Services,NMS,United States,Shell Companies,,0.13566,
2021-01-22,European Sustainable Growth Acquisition Corp.,EUSG,0.026000000000000002,0.11900000000000001,Seeking a Target,Financial Services,NCM,United States,Shell Companies,178034400,,
2021-01-22,North Atlantic Acquisition Corporation,NAAC,0.016,0.07,Seeking a Target,Financial Services,NMS,United States,Shell Companies,464887520,,https://logo.clearbit.com/naacq.com
2021-01-22,Primavera Capital Acquisition Corporation,PV,0.039,0.18100000000000002,Seeking a Target,Financial Services,NYQ,Hong Kong,Shell Companies,534812480,,
2021-01-22,One Equity Partners Open Water I Corp.,OEPW,0.009000000000000001,0.040999999999999995,Seeking a Target,Financial Services,NCM,United States,Shell Companies,483450816,,
2021-01-20,Legato Merger Corporation,LEGO,0.036000000000000004,0.161,Seeking a Target,Financial Services,NMS,United States,Shell Companies,260954400,0,
2021-01-20,FoxWayne Enterprises Acquisition Corp.,FOXW,0.034,0.152,Seeking a Target,Financial Services,NCM,United States,Shell Companies,70796880,0.41889,https://logo.clearbit.com/foxwayne.com
2021-01-20,TZP Strategies Acquisition Corp.,TZPS,0.01,0.045,Seeking a Target,Financial Services,NCM,United States,Shell Companies,355505888,,https://logo.clearbit.com/tzpgroup.com
2021-01-20,Queens Gambit Growth Capital,GMBT,0.022000000000000002,0.09699999999999999,Seeking a Target,Financial Services,NCM,United States,Shell Companies,425643744,0.05797,
2021-01-20,Oyster Enterprises Acquisition Corp.,OSTR,-0.001,-0.006,Seeking a Target,Financial Services,NCM,United States,Shell Companies,279450016,0.04948,https://logo.clearbit.com/oysterenterprisesacquisitioncorp.com
2021-01-20,"Gores Metropoulos II, Inc.",GMII,0.028999999999999998,0.13,Seeking a Target,Financial Services,NMS,United States,Shell Companies,559349952,,
2021-01-15,Healthcare Capital Corp.,HCCC,0.024,0.1,Seeking a Target,Financial Services,NCM,United States,Shell Companies,,0.053639997,
2021-01-15,Group Nine Acquisition Corp.,GNAC,0.03,0.127,Seeking a Target,Financial Services,NCM,United States,Shell Companies,284768736,0.0587,https://logo.clearbit.com/gnacinc.com
2021-01-15,Authentic Equity Acquisition Corp.,AEAC,0.026000000000000002,0.106,Seeking a Target,Financial Services,NMS,United States,Shell Companies,225860000,0.06087,
2021-01-15,Hennessy Capital Investment Corp. V,HCIC,0.011000000000000001,0.044000000000000004,Seeking a Target,Financial Services,NMS,United States,Shell Companies,,0.09,
2021-01-15,OCA Acquisition Corp.,OCAX,0.027000000000000003,0.113,Seeking a Target,Financial Services,NMS,United States,Shell Companies,185380000,,
2021-01-15,26 Capital Acquisition Corp.,ADER,0.027999999999999997,0.115,Seeking a Target,Financial Services,NMS,United States,Shell Companies,336875008,0.00042,
2021-01-15,Edify Acquisition Corp.,EAC,0.011000000000000001,0.046,Seeking a Target,Financial Services,NMS,United States,Shell Companies,338100000,,
2021-01-15,Class Acceleration Corp.,CLAS,0.008,0.033,Seeking a Target,Financial Services,NYQ,United States,Shell Companies,,,
2021-01-14,Environmental Impact Acquisition Corp.,ENVI,0.024,0.09699999999999999,Seeking a Target,Financial Services,NMS,United States,Shell Companies,253575008,0.089370005,https://logo.clearbit.com/canaccordgenuity.com
2021-01-14,Monument Circle Acquisition Corp.,MON,0.009000000000000001,0.035,Seeking a Target,Financial Services,NCM,United States,Shell Companies,307812512,,
2021-01-14,Silver Crest Acquisition Corporation,SLCR,0.013000000000000001,0.052000000000000005,Seeking a Target,Financial Services,NCM,Hong Kong,Shell Companies,424781280,0.00058,
2021-01-13,Marlin Technology Corporation,FINM,0.006999999999999999,0.026000000000000002,Seeking a Target,Financial Services,NMS,United States,Shell Companies,507150016,0.059439998,https://logo.clearbit.com/marlintechcorp.com
2021-01-13,"Hamilton Lane Alliance Holdings I, Inc.",HLAH,0.018000000000000002,0.071,Seeking a Target,Financial Services,NMS,United States,Shell Companies,321458912,,https://logo.clearbit.com/hlallianceholdings.com
2021-01-13,Northern Genesis Acquisition Corp. II,NGAB,0.053,0.223,Seeking a Target,Financial Services,NYQ,United States,Shell Companies,,,
2021-01-13,Deep Lake Capital Acquisition Corp.,DLCA,0.03,0.12300000000000001,Seeking a Target,Financial Services,NMS,United States,Shell Companies,253833760,0.15694,
2021-01-13,Fortress Capital Acquisition Corp.,FCAX,0.019,0.077,Seeking a Target,Financial Services,NYQ,United States,Shell Companies,,0.07857,https://logo.clearbit.com/fortresscapitalac.com
2021-01-13,Pontem Corporation,PNTM,0.004,0.013999999999999999,Seeking a Target,Financial Services,NYQ,United States,Shell Companies,843093696,,https://logo.clearbit.com/pontemcorp.com
2021-01-12,Big Cypress Acquisition Corp.,BCYP,0.034,0.136,Seeking a Target,Financial Services,NMS,United States,Shell Companies,146294864,0.04399,
2021-01-12,Global Partner Acquisition Corp II,GPAC,-0.002,-0.006,Seeking a Target,Financial Services,NCM,United States,Shell Companies,372375008,,
2021-01-12,Athlon Acquisition Corp.,SWET,0.016,0.062,Seeking a Target,Financial Services,NCM,United States,Shell Companies,340169984,,
2021-01-12,Adit EdTech Acquisition Corp.,ADEX,0.01,0.037000000000000005,Seeking a Target,Financial Services,NYQ,United States,Shell Companies,,0.00084,https://logo.clearbit.com/aditedtech.com
2021-01-12,"890 5th Avenue Partners, Inc.",ENFA,0.01,0.039,Seeking a Target,Financial Services,NMS,United States,Shell Companies,361642752,0.00051,https://logo.clearbit.com/890fifthavenue.com
2021-01-08,Leo Holdings Corp. II,LHC,0.02,0.076,Seeking a Target,Financial Services,NYQ,Bahamas,Shell Companies,467812480,,
2021-01-08,Tastemaker Acquisition Corporation,TMKR,0.016,0.059000000000000004,Seeking a Target,Financial Services,NCM,United States,Shell Companies,340169984,0.05061,https://logo.clearbit.com/tastemakeracquisition.com
2021-01-08,Epiphany Technology Acquisition Corp.,EPHY,0.013999999999999999,0.052000000000000005,Seeking a Target,Financial Services,NMS,United States,Shell Companies,500902496,1.0000001e-05,https://logo.clearbit.com/epiphanytechacquisition.com
2021-01-08,KL Acquisition Corp,KLAQ,0.015,0.057999999999999996,Seeking a Target,Financial Services,NCM,United States,Shell Companies,354703136,0.051570002,
2021-01-08,LightJump Acquisition Corporation,LJAQ,0.018000000000000002,0.068,Seeking a Target,Financial Services,NCM,United States,Shell Companies,,0,https://logo.clearbit.com/lightjumpcap.com
2021-01-08,Switchback II Corporation,SWBK,0.040999999999999995,0.162,Seeking a Target,Financial Services,NYQ,United States,Shell Companies,395312000,,
2021-01-08,Locust Walk Acquisition Corp.,LWAC,0.016,0.06,Seeking a Target,Financial Services,NCM,United States,Shell Companies,221953008,0.106850006,https://logo.clearbit.com/locustwalkacquisitioncorp.com
2021-01-08,Global Synergy Acquisition Corp.,GSAQ,0.027999999999999997,0.106,Seeking a Target,Financial Services,NMS,United States,Shell Companies,320203616,0.10191,
2021-01-08,Prospector Capital Corp.,PRSR,0.015,0.057999999999999996,Seeking a Target,Financial Services,NMS,United States,Shell Companies,399343744,1.0000001e-05,
2021-01-08,SVF Investment Corp.,SVFA,0.066,0.267,Seeking a Target,Financial Services,NMS,United States,Shell Companies,768272384,0.0033500001,
2021-01-08,Pioneer Merger Corp.,PACX,0.012,0.045,Seeking a Target,Financial Services,NMS,United States,Shell Companies,493565632,0.11056,
2021-01-08,Provident Acquisition Corp.,PAQC,0.03,0.114,Seeking a Target,Financial Services,NCM,Hong Kong,Shell Companies,281750016,,
2021-01-08,Empowerment & Inclusion Capital I Corp.,EPWR,0.016,0.061,Seeking a Target,Financial Services,NYQ,United States,Shell Companies,340860000,,https://logo.clearbit.com/empowermentandinclusion.com
2021-01-08,Powered Brands,POW,0.009000000000000001,0.033,Seeking a Target,Financial Services,NCM,United States,Shell Companies,338100000,0.04982,
2021-01-07,KludeIn I Acquisition Corp.,INKA,0.015,0.055,Seeking a Target,Financial Services,NCM,United States,Shell Companies,211743744,,
2021-01-07,Vickers Vantage Corp. I,VCKA,0.019,0.073,Seeking a Target,Financial Services,NCM,Singapore,Shell Companies,171810000,0.16957001,https://logo.clearbit.com/vickersvantage.com
2021-01-07,Altimeter Growth Corp. 2,AGCB,0.095,0.397,Seeking a Target,Financial Services,NYQ,United States,Shell Companies,618800768,0.055960003,https://logo.clearbit.com/altimetergrowth.com
2021-01-07,Ivanhoe Capital Acquisition Corp.,IVAN,0.053,0.20800000000000002,Seeking a Target,Financial Services,NYQ,United States,Shell Companies,346380000,,
2021-01-07,VectoIQ Acquisition Corp. II,VTIQ,0.031,0.11800000000000001,Seeking a Target,Financial Services,NMS,United States,Shell Companies,341553440,0.00071999995,https://logo.clearbit.com/vectoiq.com
2021-01-07,Bright Lights Acquisition Corp.,BLTS,0.012,0.045,Seeking a Target,Financial Services,NMS,United States,Shell Companies,281750016,,https://logo.clearbit.com/brightlightsacquisition.com
2021-01-07,Omega Alpha SPAC,OMEG,0.008,0.03,Seeking a Target,Financial Services,NCM,United States,Shell Companies,172500000,0.16258,
2021-01-06,Sports Ventures Acquisition Corporation,AKIC,0.015,0.055,Seeking a Target,Financial Services,NCM,United States,Shell Companies,290864896,0.05178,
2021-01-06,Poema Global Holdings Corp.,PPGH,0.016,0.06,Seeking a Target,Financial Services,NMS,United States,Shell Companies,422409376,,https://logo.clearbit.com/poema-global.com
2021-01-06,Star Peak Corp II,STPC,0.06,0.23800000000000002,Seeking a Target,Financial Services,NYQ,United States,Shell Companies,508156256,0.12484,https://logo.clearbit.com/stpc.starpeakcorp.com
2021-01-06,Kairos Acquisition Corp.,KAIR,0.034,0.13,Seeking a Target,Financial Services,NMS,United States,Shell Companies,272412000,,
2021-01-05,Crucible Acquisition Corporation,CRU,0.045,0.174,Seeking a Target,Financial Services,NYQ,United States,Shell Companies,322467680,0.052210003,https://logo.clearbit.com/crucibleacquisition.com
2021-01-04,Benessere Capital Acquisition Corp.,BENE,0.044000000000000004,0.166,Seeking a Target,Financial Services,NCM,United States,Shell Companies,149086944,0.5597,https://logo.clearbit.com/benespac.com
2021-01-04,Fortress Value Acquisition Corp. III,FVT,0.013000000000000001,0.049,Seeking a Target,Financial Services,NYQ,United States,Shell Companies,285774976,0.06523,
2020-12-24,Ventoux CCM Acquisition Corp.,VTAQ,0.051,0.174,Seeking a Target,Financial Services,NMS,United States,Shell Companies,215624992,0.11622,
2020-12-23,Healthcare Services Acquisition Corporation,HCAR,0.017,0.054000000000000006,Seeking a Target,Financial Services,NMS,United States,Shell Companies,406548000,,https://logo.clearbit.com/healthcarespac.com
2020-12-23,Viveon Health Acquisition Corp.,VHAQ,0.018000000000000002,0.059000000000000004,Seeking a Target,Financial Services,ASE,United States,Shell Companies,251058864,0.05513,
2020-12-23,7GC & Co. Holdings Inc.,VII,0.024,0.077,Seeking a Target,Financial Services,NMS,United States,Shell Companies,282037504,0.00043000001,https://logo.clearbit.com/7gc.holdings
2020-12-23,CF Acquisition Corp. IV,CFIV,0.015,0.048,Seeking a Target,Financial Services,NCM,United States,Shell Companies,624204992,0.00097000005,
2020-12-21,Ackrell SPAC Partners I Co,ACKIT,0.024,0.079,Seeking a Target,Financial Services,NCM,United States,Shell Companies,,,https://logo.clearbit.com/ackrellspac.com
2020-12-18,Dune Acquisition Corporation,DUNE,0.013999999999999999,0.045,Seeking a Target,Financial Services,NMS,United States,Shell Companies,169050000,0.12726,
2020-12-18,INSU Acquisition Corp. III,IIII,0.028999999999999998,0.092,Seeking a Target,Financial Services,NMS,United States,Shell Companies,339636000,0.07052,
2020-12-18,MedTech Acquisition Corporation,MTAC,0.022000000000000002,0.068,Seeking a Target,Financial Services,NMS,United States,Shell Companies,306250016,0.00241,
2020-12-18,Golden Falcon Acquisition Corp.,GFX,0.027999999999999997,0.08800000000000001,Seeking a Target,Financial Services,NYQ,United States,Shell Companies,424781280,0.00148,
2020-12-18,Seven Oaks Acquisition Corp.,SVOK,0.03,0.094,Seeking a Target,Financial Services,NMS,United States,Shell Companies,316969248,0.00312,https://logo.clearbit.com/sevenoaksacquisition.com
2020-12-17,Corner Growth Acquisition Corp.,COOL,0.013999999999999999,0.042,Seeking a Target,Financial Services,NCM,United States,Shell Companies,491500000,0.0001,https://logo.clearbit.com/cornergrowth.com
2020-12-17,ScION Tech Growth I,SCOA,0.028999999999999998,0.09,Seeking a Target,Financial Services,NMS,United Kingdom,Shell Companies,,0.00155,
2020-12-16,Churchill Capital Corporation V,CCV,0.034,0.105,Seeking a Target,Financial Services,NYQ,United States,Shell Companies,621256256,0.0683,https://logo.clearbit.com/v.churchillcapitalcorp.com
2020-12-15,Blue Water Acquisition Corporation,BLUW,0.065,0.207,Seeking a Target,Financial Services,NCM,United States,Shell Companies,73056408,0.10634,
2020-12-15,KINS Technology Group Inc.,KINZ,0.02,0.061,Seeking a Target,Financial Services,NCM,United States,Shell Companies,340860000,0.07487,https://logo.clearbit.com/kins-tech.com
2020-12-15,Americas Technology Acquisition Corp.,ATA,0.027999999999999997,0.086,Seeking a Target,Financial Services,NYQ,United States,Shell Companies,145000000,0.05172,
2020-12-15,Marquee Raine Acquisition Corp.,MRAC,0.021,0.063,Seeking a Target,Financial Services,NMS,United States,Shell Companies,464056832,0.12682,
2020-12-11,"CBRE Acquisition Holdings, Inc.",CBAH,0.023,0.069,Seeking a Target,Financial Services,NYQ,United States,Shell Companies,422624992,0.00082,https://logo.clearbit.com/cbreacquisitionholdings.com
2020-12-11,Delwinds Insurance Acquisition Corporation,DWIN,0.011000000000000001,0.033,Seeking a Target,NaN,NYQ,NaN,NaN,253246016,NaN,
2020-12-11,EdTechX Holdings Acquisition Corporation II,EDTX,0.015,0.044000000000000004,Seeking a Target,Financial Services,NMS,United Kingdom,Shell Companies,113965000,0.05217,https://logo.clearbit.com/edtechxcorp.com
2020-12-11,Thayer Ventures Acquisition Corporation,TVAC,0.035,0.106,Seeking a Target,Financial Services,NCM,United States,Shell Companies,215624992,0.0013600001,https://logo.clearbit.com/thayerventures.com
2020-12-11,Globis Acquisition Corp.,GLAQ,0.073,0.226,Seeking a Target,Financial Services,NMS,United States,Shell Companies,150959520,0.11663,
2020-12-11,Senior Connect Acquisition Corp. I,SNRH,0.021,0.064,Seeking a Target,Financial Services,NCM,United States,Shell Companies,509742656,0.0005,
2020-12-11,Motive Capital Corp,MOTV,0.024,0.07,Seeking a Target,Financial Services,NYQ,United States,Shell Companies,512066272,0.06455,
2020-12-10,Periphas Capital Partnering Corporation,PCPC,-0.011000000000000001,-0.032,Seeking a Target,Financial Services,NYQ,United States,Shell Companies,438336384,0.16121,https://logo.clearbit.com/periphascapitalpartneringcorp.com
2020-12-10,Carney Technology Acquisition Corp. II,CTAQ,0.017,0.051,Seeking a Target,Financial Services,NMS,United States,Shell Companies,510702496,0.060089998,
2020-12-09,Altitude Acquisition Corporation,ALTU,0.073,0.223,Seeking a Target,Financial Services,NCM,United States,Shell Companies,370871264,0.06012,https://logo.clearbit.com/altitudeac.com
2020-12-09,HumanCo Acquisition Corp.,HMCO,0.069,0.20800000000000002,Seeking a Target,Financial Services,NMS,United States,Shell Companies,381684384,0.00090000004,
2020-12-09,Frazier Lifesciences Acquisition Corporation,FLAC,0.025,0.07400000000000001,Seeking a Target,Financial Services,NMS,United States,Shell Companies,184787904,,
2020-12-08,Concord Acquisition Corp.,CND,0.036000000000000004,0.105,Seeking a Target,Financial Services,NYQ,United States,Shell Companies,280401280,0.06349,https://logo.clearbit.com/concordacquisitioncorp.com
2020-12-08,DD3 Acquisition Corp. II,DDMX,0.045,0.131,Seeking a Target,Financial Services,NCM,Mexico,Shell Companies,158750384,0.09736,
2020-12-04,PropTech Investment Corporation II,PTIC,0.015,0.042,Seeking a Target,Financial Services,NCM,United States,Shell Companies,282324992,0.16407,https://logo.clearbit.com/proptechinvestmentcorp.com
2020-12-03,Far Peak Acquisition Corporation,FPAC,0.025,0.07,Seeking a Target,Financial Services,NYQ,United States,Shell Companies,687037504,0.10667,https://logo.clearbit.com/farpeak.com
2020-12-03,Highland Transcend Partners I Corp.,HTPA,0.028999999999999998,0.08,Seeking a Target,Financial Services,NYQ,United States,Shell Companies,371624992,0.06947,https://logo.clearbit.com/highlandtranscend.com
2020-12-03,Live Oak Acquisition Corp. II,LOKB,0.064,0.183,Seeking a Target,Financial Services,NYQ,United States,Shell Companies,314826880,0.14166,
2020-12-02,Trepont Acquisition Corp I,TACA,0.024,0.068,Seeking a Target,Financial Services,NYQ,United States,Shell Companies,227907008,0.05389,
2020-11-30,Seaport Global Acquisition Corporation,SGAM,0.047,0.129,Seeking a Target,Financial Services,NCM,United States,Shell Companies,177891120,0.56205004,https://logo.clearbit.com/seaportglobalacquisition.com
2020-11-24,Tiga Acquisition Corp.,TINV,0.061,0.163,Seeking a Target,Financial Services,NYQ,Singapore,Shell Companies,348519008,0.0231,https://logo.clearbit.com/tiga-corp.com
2020-11-23,Breeze Holdings Acquisition Corp.,BREZ,0.09,0.243,Seeking a Target,Financial Services,NMS,United States,Shell Companies,146834992,1.02398,
2020-11-20,Aequi Acquisition Corporation,ARBG,0.016,0.039,Seeking a Target,Financial Services,NCM,United States,Shell Companies,283187520,0.13123,
2020-11-20,Cascade Acquisition Corporation,CAS,0.032,0.08199999999999999,Seeking a Target,Financial Services,NYQ,United States,Shell Companies,286062496,0.06608,
2020-11-20,Kingswood Acquisition Corporation,KWAC,0.048,0.122,Seeking a Target,Financial Services,NYQ,United States,Shell Companies,145803520,0,
2020-11-20,LifeSci Acquisition II Corporation,LSAQ,0.011000000000000001,0.027999999999999997,Seeking a Target,Financial Services,NMS,United States,Shell Companies,101314352,0.75706,https://logo.clearbit.com/lifesciacquisition.com
2020-11-20,Omnichannel Acquisition Corp.,OCA,0.039,0.098,Seeking a Target,Financial Services,NYQ,United States,Shell Companies,255285632,0.13583,https://logo.clearbit.com/omnichannelcorp.com
2020-11-19,Investindustrial Acquisition Corporation,IIAC,0.033,0.08199999999999999,Seeking a Target,Financial Services,NYQ,United Kingdom,Shell Companies,499100000,0.00745,https://logo.clearbit.com/investindustrial-aquisition-corp.com
2020-11-19,Jiya Acquisition Corp.,JYAC,-0.003,-0.006999999999999999,Seeking a Target,Financial Services,NMS,United States,Shell Companies,138076288,0.89255,https://logo.clearbit.com/jiyacorp.com
2020-11-19,L & F Acquisition Corporation,LNFA,0.031,0.078,Seeking a Target,Financial Services,NYQ,United States,Shell Companies,171637504,0.13924,https://logo.clearbit.com/lfacquisitioncorp.com
2020-11-19,"Population Health Investment Co., Inc.",PHIC,0.027999999999999997,0.071,Seeking a Target,Financial Services,NMS,United States,Shell Companies,212175008,0.04659,
2020-11-17,OTR Acquisition Corporation,OTRA,0.028999999999999998,0.071,Seeking a Target,Financial Services,NMS,United States,Shell Companies,133744208,0.53343,https://logo.clearbit.com/otracquisition.com
2020-11-17,Dragoneer Growth Opportunities Corp. II,DGNS,0.027999999999999997,0.07,Seeking a Target,Financial Services,NCM,United States,Shell Companies,370131936,0.63426995,https://logo.clearbit.com/dragoneergrowth.com
2020-11-17,Zanite Acquisition Corp.,ZNTE,0.064,0.163,Seeking a Target,Financial Services,NMS,United States,Shell Companies,230460016,0.07698,https://logo.clearbit.com/zaniteacquisition.com
2020-11-17,Pine Island Acquisition Corporation,PIPP,0.063,0.16,Seeking a Target,Financial Services,NYQ,United States,Shell Companies,269982176,0.068909995,https://logo.clearbit.com/pineislandac.com
2020-11-13,Health Assurance Acquisition Corp.,HAAC,0.11699999999999999,0.298,Seeking a Target,Financial Services,NMS,United States,Shell Companies,570543744,0.07658,https://logo.clearbit.com/healthassuranceacqcorp.com
2020-11-13,Better World Acquisition Corporation,BWAC,0.091,0.22899999999999998,Seeking a Target,Financial Services,NCM,United States,Shell Companies,144690992,0.21160999,
2020-11-11,Natural Order Acquisition Corporation,NOAC,0.096,0.239,Seeking a Target,Financial Services,NMS,United States,Shell Companies,290556128,0.05375,https://logo.clearbit.com/natorac.com
2020-11-10,Edoc Acquisition Corporation,ADOC,0.086,0.21,Seeking a Target,Financial Services,NCM,United States,Shell Companies,118984320,0.67887,
2020-11-06,Roman DBDR Tech Acquisition Corporation,DBDR,0.051,0.11900000000000001,Seeking a Target,Financial Services,NMS,United States,Shell Companies,294081184,0.64128,
2020-10-30,CONX Corporation,CONX,0.03,0.066,Seeking a Target,Financial Services,NMS,United States,Shell Companies,937699968,0.18866,
2020-10-30,Bull Horn Holdings Corporation,BHSE,0.042,0.09300000000000001,Seeking a Target,Financial Services,NCM,United States,Shell Companies,93093752,0.40112,https://logo.clearbit.com/bullhornse.com
2020-10-29,Duddell Street Acquisition Corporation,DSAC,0.081,0.182,Seeking a Target,Financial Services,NCM,Hong Kong,Shell Companies,217875008,0.48188,https://logo.clearbit.com/dsac.co
2020-10-28,Bluescape Opportunities Acquisition Corporation,BOAC,0.08800000000000001,0.19699999999999998,Seeking a Target,Financial Services,NYQ,United States,Shell Companies,759375040,0.37752,https://logo.clearbit.com/bluescapegroup.com
2020-10-27,Mallard Acquisition Corporation,MACU,0.046,0.1,Seeking a Target,Financial Services,NMS,United States,Shell Companies,141201552,0.21083,https://logo.clearbit.com/mallardspac.com
2020-10-27,Lux Health Tech Acquisition Corporation,LUXA,0.068,0.15,Seeking a Target,Financial Services,NCM,United States,Shell Companies,439012512,0.35077998,https://logo.clearbit.com/luxhealth.tech
2020-10-23,Eucrates Biomedical Acquisition Corporation,EUCR,0.025,0.053,Seeking a Target,Financial Services,NCM,United States,Shell Companies,133514272,0.1421,
2020-10-22,BCLS Acquisition Corporation,BLSA,0.033,0.07,Seeking a Target,Financial Services,NCM,United States,Shell Companies,196068336,0.97521,https://logo.clearbit.com/bclsacquisitioncorp.com
2020-10-22,Yellowstone Acquisition Company,YSAC,0.046,0.09699999999999999,Seeking a Target,Financial Services,NMS,United States,Shell Companies,170835936,0.36285,https://logo.clearbit.com/yellowstoneac.com
2020-10-22,Tekkorp Digital Acquisition Corporation,TEKK,0.047,0.1,Seeking a Target,Financial Services,NMS,United States,Shell Companies,317046880,0.26647,https://logo.clearbit.com/tekkorpdigital.com
2020-10-21,"DPCM Capital, Inc.",XPOA,0.043,0.091,Seeking a Target,Financial Services,NYQ,United States,Shell Companies,370124992,0.29262,https://logo.clearbit.com/dpcmcapital.com
2020-10-21,H.I.G. Acquisition Corporation,HIGA,0.03,0.063,Seeking a Target,Financial Services,NYQ,United States,Shell Companies,454021120,0.47512,https://logo.clearbit.com/higacquisitioncorp.com
2020-10-21,Lefteris Acquisition Corporation,LFTR,0.027000000000000003,0.057,Seeking a Target,Financial Services,NMS,United States,Shell Companies,256285248,0.28603,https://logo.clearbit.com/lefteris.company
2020-10-21,Sarissa Capital Acquisition Corporation,SRSA,0.042,0.08800000000000001,Seeking a Target,Financial Services,NCM,United States,Shell Companies,251500016,0.37976003,
2020-10-20,Horizon Acquisition Corporation II,HZON,0.066,0.141,Seeking a Target,Financial Services,NYQ,United States,Shell Companies,663140608,0.20372,
2020-10-20,Helix Acquisition Corporation,HLXA,0.019,0.039,Seeking a Target,Financial Services,NCM,United States,Shell Companies,154330752,0.91440004,
2020-10-16,Bridgetown Holdings Limited,BTWN,0.156,0.33799999999999997,Seeking a Target,Financial Services,NMS,Hong Kong,Shell Companies,787615360,0.12883,
2020-10-16,Turmeric Acquisition Corporation,TMPM,0.013999999999999999,0.027999999999999997,Seeking a Target,Financial Services,NCM,United States,Shell Companies,124827160,0.07293,
2020-10-15,Spartacus Acquisition Corporation,TMTS,0.034,0.068,Seeking a Target,Financial Services,NCM,United States,Shell Companies,249250000,0.66257006,https://logo.clearbit.com/spartacus-ac.com
2020-10-14,5:01 Acquisition Corporation,FVAM,0.01,0.02,Seeking a Target,Financial Services,NCM,United States,Shell Companies,111007280,0.90829,
2020-10-09,Social Capital Hedosophia IV,IPOD,0.141,0.29,Seeking a Target,Financial Services,NYQ,United States,Shell Companies,612950016,0.44597998,https://logo.clearbit.com/socialcapitalhedosophiaholdings.com
2020-10-09,Social Capital Hedosophia VI,IPOF,0.1,0.20199999999999999,Seeking a Target,Financial Services,NYQ,United States,Shell Companies,1487812608,0.49492002,https://logo.clearbit.com/socialcapitalhedosophiaholdings.com
2020-10-08,"Petra Acquisition, Inc.",PAIC,0.061,0.121,Seeking a Target,Financial Services,NMS,United States,Shell Companies,91340808,0.42924,
2020-10-07,Montes Archimedes Acquisition Corporation,MAAC,0.026000000000000002,0.051,Seeking a Target,Financial Services,NCM,United States,Shell Companies,504926944,0.46075,https://logo.clearbit.com/montesarchimedesacquisitioncorp.com
2020-10-06,FirstMark Horizon Acquisition Corporation,FMAC,0.063,0.124,Seeking a Target,Financial Services,NYQ,United States,Shell Companies,517500000,0.57558995,https://logo.clearbit.com/firstmarkhorizon.com
2020-10-02,Vy Global Growth,VYGG,0.064,0.122,Seeking a Target,Financial Services,NYQ,Cayman Islands,Shell Companies,624220352,0.89667,https://logo.clearbit.com/vygg.com
2020-10-02,Sports Entertainment Acquisition Corporation,SEAH,0.055,0.105,Seeking a Target,Financial Services,NYQ,United States,Shell Companies,558000000,0.51062,https://logo.clearbit.com/sportsentcorp.com
2020-10-02,Apollo Strategic Growth Capital,APSG,0.03,0.057,Seeking a Target,Financial Services,NYQ,United States,Shell Companies,1012841920,0.57482,https://logo.clearbit.com/apollostrategicgrowthcapital.com
2020-10-02,Avanti Acquisition Corporation,AVAN,0.047,0.09,Seeking a Target,Financial Services,NYQ,Cayman Islands,Shell Companies,743249984,0.45209,https://logo.clearbit.com/avanti-acquisition.com
2020-10-02,Atlantic Avenue Acquisition Corporation,ASAQ,0.025,0.047,Seeking a Target,Financial Services,NYQ,United States,Shell Companies,310312512,0.63123,https://logo.clearbit.com/asaqspac.com
2020-10-01,AEA-Bridges Impact Corporation,IMPX,0.042,0.079,Seeking a Target,Financial Services,NYQ,Cayman Islands,Shell Companies,494500032,0.54592997,https://logo.clearbit.com/aeabridgesimpactcorp.com
2020-10-01,IG Acquisition Corporation,IGAC,0.04,0.075,Seeking a Target,Financial Services,NCM,United States,Shell Companies,367875008,0.55527,https://logo.clearbit.com/igacquisition.com
2020-10-01,Recharge Acquisition Corporation,RCHG,0.019,0.035,Seeking a Target,Financial Services,NMS,United States,Shell Companies,246742512,0.41208,
2020-09-22,PMV Consumer Acquisition Corporation,PMVC,0.027000000000000003,0.048,Seeking a Target,Financial Services,NYQ,United States,Shell Companies,216343760,0.41432,https://logo.clearbit.com/pmv-consumer.com
2020-09-18,North Mountain Merger Corporation,NMMC,0.062,0.11,Seeking a Target,Financial Services,NMS,United States,Shell Companies,163658880,0.63109,https://logo.clearbit.com/nmmergercorp.com
2020-09-17,ACON S2 Acquisition Corporation,STWO,0.022000000000000002,0.038,Seeking a Target,Financial Services,NMS,United States,Shell Companies,307500000,0.52926,https://logo.clearbit.com/acons2.com
2020-09-17,Oaktree Acquisition Corporation II,OACB,0.033,0.057999999999999996,Seeking a Target,Financial Services,NYQ,United States,Shell Companies,312500000,0.55464,https://logo.clearbit.com/oaktreeacquisitioncorp.com
2020-09-16,Executive Network Partnering Corporation,ENPC,0.006999999999999999,0.012,Seeking a Target,Financial Services,NYQ,United States,Shell Companies,423223040,0.72213,https://logo.clearbit.com/enpc.co
2020-09-16,Equity Distribution Acquisition Corporation,EQD,0.033,0.057,Seeking a Target,Financial Services,NYQ,United States,Shell Companies,516464992,0.57522,https://logo.clearbit.com/equitydac.com
2020-09-11,"Ribbit LEAP, Limited",LEAP,0.158,0.28,Seeking a Target,Financial Services,NYQ,United States,Shell Companies,643555008,0.41575,https://logo.clearbit.com/ribbitleap.com
2020-09-11,Broadstone Acquisition Corporation,BSN,0.023,0.039,Seeking a Target,Financial Services,NYQ,United Kingdom,Shell Companies,376667808,0.45044,https://logo.clearbit.com/broadstoneacquisitioncorp.com
2020-09-10,Prime Impact Acquisition I,PIAI,0.013000000000000001,0.022000000000000002,Seeking a Target,Financial Services,NYQ,United States,Shell Companies,304951264,0.75792,https://logo.clearbit.com/ir.primeimpactcapital.com
2020-09-09,Cohn Robbins Holdings Corporation,CRHC,0.047,0.08,Seeking a Target,Financial Services,NYQ,United States,Shell Companies,1032929984,0.57894003,https://logo.clearbit.com/cohnrobbins.com
2020-08-27,Burgundy Technology Acquisition Corporation,BTAQ,0.040999999999999995,0.066,Seeking a Target,Financial Services,NCM,Cayman Islands,Shell Companies,437898112,0.62042,
2020-08-21,Horizon Acquisition Corporation,HZAC,0.021,0.032,Seeking a Target,Financial Services,NYQ,United States,Shell Companies,667747136,0.41721,https://logo.clearbit.com/horizonacquisitioncorp.com
2020-08-14,LionHeart Acquisition Corporation II,LCAP,0.032,0.047,Seeking a Target,Financial Services,NCM,United States,Shell Companies,289884000,0.59921,https://logo.clearbit.com/lionheartacquisitioncorp.com
2020-08-13,RedBall Acquisition Corporation,RBAC,0.044000000000000004,0.066,Seeking a Target,Financial Services,NYQ,United States,Shell Companies,715875008,0.6009,https://logo.clearbit.com/redballac.com
2020-08-05,GO Acquisition Corporation,GOAC,0.031,0.045,Seeking a Target,Financial Services,NYQ,United States,Shell Companies,715414976,0.53804,https://logo.clearbit.com/goacquisition.com
2020-08-04,Yucaipa Acquisition Corporation,YAC,0.032,0.046,Seeking a Target,Financial Services,NYQ,United States,Shell Companies,428662496,0.59199,https://logo.clearbit.com/yucaipayac.com
2020-08-04,Health Sciences Acquisition Corporation 2,HSAQ,0.039,0.055999999999999994,Seeking a Target,Financial Services,NCM,United States,Shell Companies,214729088,0.6076,
2020-07-31,CC Neuberger Principal Holdings II,PRPB,0.035,0.05,Seeking a Target,Financial Services,NYQ,United States,Shell Companies,1077405056,0.75227,https://logo.clearbit.com/ccnbprincipal.com
2020-07-31,E.Merge Technology Acquisition Corporation,ETAC,0.033,0.047,Seeking a Target,Financial Services,NMS,United States,Shell Companies,745998016,0.68429,
2020-07-24,Greencity Acquisition Corporation,GRCY,0.042,0.057999999999999996,Seeking a Target,Financial Services,NCM,China,Shell Companies,53126004,0.40683997,
2020-07-23,East Resources Acquisition Company,ERES,0.026000000000000002,0.035,Seeking a Target,Financial Services,NCM,United States,Shell Companies,423056256,0.51894003,https://logo.clearbit.com/eastresources.com
2020-07-22,"Pershing Square Tontine Holdings, Limited",PSTH,0.255,0.363,Seeking a Target,Financial Services,NYQ,United States,Shell Companies,4658000384,0.56149,https://logo.clearbit.com/PSTontine.com
2020-07-16,HPX Corporation,HPX,0.03,0.039,Seeking a Target,Financial Services,NYQ,United States,Shell Companies,313837664,0.48326,https://logo.clearbit.com/hpxcorp.com
2020-07-13,PTK Acquisition Corporation,PTK,0.079,0.105,Seeking a Target,Financial Services,ASE,United States,Shell Companies,144540624,0.44403,https://logo.clearbit.com/ptktech.com
2020-07-02,Capstar Special Purpose Acquisition Corporation,CPSR,0.034,0.043,Seeking a Target,Financial Services,NYQ,United States,Shell Companies,340515008,0.61714,https://logo.clearbit.com/capstarspac.com
2020-06-30,GS Acquisition Corporation Holdings II,GSAH,0.096,0.122,Seeking a Target,Financial Services,NYQ,United States,Shell Companies,959531200,0.67367995,https://logo.clearbit.com/gspcs.com
2020-06-24,Brilliant Acquisition Corporation,BRLI,0.087,0.10800000000000001,Seeking a Target,Financial Services,NCM,China,Shell Companies,61415552,0.36861,
2020-06-17,Trebia Acquisition Corporation,TREB,0.057,0.069,Seeking a Target,Financial Services,NYQ,United States,Shell Companies,646228096,0.72132003,https://logo.clearbit.com/trebiaacqcorp.com
2020-03-11,DFP Healthcare Acquisition Corporation,DFPH,0.043,0.039,Seeking a Target,Financial Services,NCM,United States,Shell Companies,290087520,0.95663,
2020-02-13,Yunhong International,ZGYH,0.068,0.057999999999999996,Seeking a Target,Financial Services,NMS,China,Shell Companies,89802776,0.65638,
2020-02-11,CITIC Capital Acquisition Corporation,CCAC,0.057,0.048,Seeking a Target,Financial Services,NYQ,China,Shell Companies,344655008,0.64899004,https://logo.clearbit.com/spacbyccac.com
2020-01-24,SCVX Corporation,SCVX,0.040999999999999995,0.033,Seeking a Target,Financial Services,NYQ,United States,Shell Companies,285202880,0.75811,https://logo.clearbit.com/scvx.com
2019-12-11,LIV Capital Acquisition Corporation,LIVK,0.067,0.049,Seeking a Target,Financial Services,NCM,Mexico,Shell Companies,101527656,0.83488,https://logo.clearbit.com/livcapitalspac.mx
2019-11-22,CHP Merger Corporation,CHPM,0.038,0.027000000000000003,Seeking a Target,Financial Services,NCM,United States,Shell Companies,373124992,0.80637,
2019-11-20,Amplitude Healthcare Acquisition Corporation,AMHC,0.051,0.036000000000000004,Seeking a Target,Financial Services,NCM,United States,Shell Companies,124625000,0.86444,
2019-11-05,Merida Merger Corporation I,MCMJ,0.057,0.039,Seeking a Target,Financial Services,NMS,United States,Shell Companies,163227840,0.79261,https://logo.clearbit.com/meridacap.com
2019-10-18,Galileo Acquisition Corporation,GLEO,0.062,0.040999999999999995,Seeking a Target,Financial Services,NYQ,United States,Shell Companies,174174000,0.73407,https://logo.clearbit.com/galileospac.com
2019-07-12,Tuscan Holdings Corporation II,THCA,0.043,0.024,Seeking a Target,Financial Services,NMS,United States,Shell Companies,220094880,0.52494997,
2019-07-12,Tuscan Holdings Corporation II,THCA,0.043,0.024,Seeking a Target,Financial Services,NMS,United States,Shell Companies,220094880,0.52494997,
2019-07-12,Tuscan Holdings Corporation II,THCA,0.043,0.024,Seeking a Target,Financial Services,NMS,United States,Shell Companies,220094880,0.52494997,
2019-07-12,Tuscan Holdings Corporation II,THCA,0.043,0.024,Seeking a Target,Financial Services,NMS,United States,Shell Companies,220094880,0.52494997,
2019-05-14,AGBA Acquisition Limited,AGBA,0.12,0.061,Seeking a Target,Financial Services,NMS,Hong Kong,Shell Companies,56317060,0.67117,
2021-02-23,CM Life Sciences II Inc.,CMII,,,Announced an Acquisition,Financial Services,NAS,United States,Shell Companies,,0.05183,
2021-01-27,CA Healthcare Acquisition Corp.,CAHC,0.034,0.16699999999999998,Announced an Acquisition,Financial Services,NCM,United States,Shell Companies,141018752,,
2021-01-26,Northern Star Investment Corp. II,NSTB,0.02,0.095,Announced an Acquisition,Financial Services,NYQ,United States,Shell Companies,494000000,0.35306,https://logo.clearbit.com/northernstaric2.com
2021-01-15,Rotor Acquisition Corp.,ROT,0.040999999999999995,0.17300000000000001,Announced an Acquisition,Financial Services,NYQ,United States,Shell Companies,341898464,0.113409996,https://logo.clearbit.com/rotoracquisition.com
2021-01-15,Thoma Bravo Advantage,TBA,0.02,0.083,Announced an Acquisition,Financial Services,NYQ,United States,Shell Companies,1293109888,0.065630004,https://logo.clearbit.com/thomabravoadvantage.com
2021-01-08,Mountain Crest Acquisition Corp. II,MCAD,0.063,0.256,Announced an Acquisition,Financial Services,NCM,United States,Shell Companies,75197120,0.03206,
2020-12-11,"Gores Holdings VI, Inc.",GHVI,0.332,1.294,Announced an Acquisition,Financial Services,NMS,United States,Shell Companies,526991840,0.11753,
2020-12-11,Roth CH Acquisition II Co.,ROCC,0.057999999999999996,0.177,Announced an Acquisition,Financial Services,NMS,United States,Shell Companies,145034992,0.051939998,
2020-12-10,RMG Acquisition Corporation II,RMGB,0.053,0.159,Announced an Acquisition,Financial Services,NCM,United States,Shell Companies,429309376,0.01355,https://logo.clearbit.com/rmgacquisition.com
2020-12-09,Nebula Caravel Acquisition Corp.,NEBC,0.022000000000000002,0.064,Announced an Acquisition,Financial Services,NCM,United States,Shell Companies,339281248,0.26023,https://logo.clearbit.com/truewindcapital.com
2020-12-08,Mudrick Capital Acquisition Corporation II,MUDS,0.485,2.061,Announced an Acquisition,Financial Services,NCM,United States,Shell Companies,498488416,0.15297,
2020-12-08,Revolution Acceleration Acquisition Corp.,RAAC,0.063,0.18899999999999997,Announced an Acquisition,Financial Services,NCM,United States,Shell Companies,379499648,0.09392,https://logo.clearbit.com/revolutionaac.com
2020-12-04,Fintech Acquisition Corp. V,FTCV,0.317,1.128,Announced an Acquisition,Financial Services,NCM,United States,Shell Companies,394856384,0.24191,
2020-12-03,Jaws Spitfire Acquisition Corp.,SPFR,0.083,0.243,Announced an Acquisition,Financial Services,NYQ,United States,Shell Companies,435562528,0.20788,
2020-12-02,Capitol Investment Corp. V,CAP,0.033,0.091,Announced an Acquisition,Financial Services,NYQ,United States,Shell Companies,426290624,0.13289,https://logo.clearbit.com/capinvestment.com
2020-12-02,Rodgers Silicon Valley Acquisition Corp.,RSVA,0.639,2.803,Announced an Acquisition,Financial Services,NMS,United States,Shell Companies,383829760,0.21248,https://logo.clearbit.com/rodgerscap.com
2020-11-25,Forest Road Acquisition Corporation,FRX,0.073,0.19899999999999998,Announced an Acquisition,Financial Services,NYQ,United States,Shell Companies,371437504,0.08331,https://logo.clearbit.com/spacroadone.com
2020-11-25,Spartan Acquisition Corporation II,SPRQ,0.091,0.251,Announced an Acquisition,Financial Services,NYQ,United States,Shell Companies,430745440,0.23201,https://logo.clearbit.com/spartanspacii.com
2020-11-24,10X Capital Venture Acquisition Corporation,VCVC,0.079,0.214,Announced an Acquisition,Financial Services,NMS,United States,Shell Companies,248291696,0.23767,https://logo.clearbit.com/10xspac.com
2020-11-24,Genesis Park Acquisition Corporation,GNPK,0.125,0.349,Announced an Acquisition,Financial Services,NYQ,United States,Shell Companies,207688448,0.23985,https://logo.clearbit.com/genesis-park.com
2020-11-24,Spring Valley Acquisition Corporation,SV,0.04,0.106,Announced an Acquisition,Financial Services,NMS,United States,Shell Companies,286062496,0.46003,https://logo.clearbit.com/sv-ac.com
2020-11-19,Consonance-HFW Acquisition Corporation,CHFW,0.027000000000000003,0.068,Announced an Acquisition,Financial Services,ASE,United States,Shell Companies,118775576,0.39937,https://logo.clearbit.com/consonancehfw.com
2020-11-19,Reinvent Technology Partners Z,RTPZ,0.036000000000000004,0.091,Announced an Acquisition,Financial Services,NYQ,United States,Shell Companies,287787520,0.34837002,
2020-11-13,"dMY Technology Group, Inc. III",DMYI,0.102,0.258,Announced an Acquisition,Financial Services,NYQ,United States,Shell Companies,384375008,0.1177,https://logo.clearbit.com/dmytechnology.com
2020-11-13,CF Finance Acquisition Corporation III,CFAC,0.039,0.096,Announced an Acquisition,Financial Services,NMS,United States,Shell Companies,291622496,0.25436002,
2020-11-11,Northern Star Acquisition Corporation,STIC,0.312,0.888,Announced an Acquisition,Financial Services,NYQ,United States,Shell Companies,361018592,0.40320998,https://logo.clearbit.com/northernstaric.com
2020-11-10,TS Innovation Acquisitions Corp.,TSIA,0.081,0.19699999999999998,Announced an Acquisition,Financial Services,NMS,United States,Shell Companies,377186240,0.21450001,
2020-10-30,New Beginnings Acquisition Corporation,NBA,0.07400000000000001,0.168,Announced an Acquisition,Financial Services,ASE,United States,Shell Companies,148603200,0.46543998,https://logo.clearbit.com/nbaspac.com
2020-10-28,Ajax I,AJAX,0.048,0.105,Announced an Acquisition,Financial Services,NYQ,United States,Shell Companies,893986752,0.24712,https://logo.clearbit.com/ajaxcap.com
2020-10-28,Atlas Crest Investment Corporation,ACIC,0.036000000000000004,0.079,Announced an Acquisition,Financial Services,NYQ,United States,Shell Companies,616249984,0.49842998,https://logo.clearbit.com/atlascrestcorp.com
2020-10-23,Acies Acquisition Corporation,ACAC,0.038,0.08199999999999999,Announced an Acquisition,Financial Services,NMS,United States,Shell Companies,266371376,0.28777,https://logo.clearbit.com/aciesacq.com
2020-10-23,Altimar Acquisition Corporation,ATAC,0.039,0.083,Announced an Acquisition,Financial Services,NYQ,United States,Shell Companies,,0.6344,https://logo.clearbit.com/atac.altimaracquisition.com
2020-10-22,Cerberus Telecom Acquisition Corporation,CTAC,0.023,0.049,Announced an Acquisition,Financial Services,NYQ,United States,Shell Companies,329155680,0.47423,https://logo.clearbit.com/cerberusacquisition.com
2020-10-22,Rice Acquisition Corporation,RICE,0.735,2.133,Announced an Acquisition,Financial Services,NYQ,United States,Shell Companies,433908256,0.39062,https://logo.clearbit.com/ricespac.com
2020-10-21,Supernova Partners Acquisition Company Inc.,SPNV,0.055,0.11699999999999999,Announced an Acquisition,Financial Services,NYQ,United States,Shell Companies,498345312,0.50411,https://logo.clearbit.com/spnv.supernovaspac.com
2020-10-20,Good Works Acquisition Corporation,GWAC,0.107,0.23199999999999998,Announced an Acquisition,Financial Services,NCM,United States,Shell Companies,216498240,0.62153,
2020-10-20,Decarbonization Plus Acquisition Corporation,DCRB,0.07400000000000001,0.157,Announced an Acquisition,Financial Services,NMS,United States,Shell Companies,283284608,0.43291,https://logo.clearbit.com/dcrbplus.com
2020-10-15,Motion Acquisition Corporation,MOTN,0.017,0.034,Announced an Acquisition,Financial Services,NCM,United States,Shell Companies,141881248,0.23791,https://logo.clearbit.com/motionacquisition.com
2020-10-09,Social Capital Hedosophia V,IPOE,0.746,1.933,Announced an Acquisition,Financial Services,NYQ,United States,Shell Companies,1534541312,0.48950002,https://logo.clearbit.com/socialcapitalhedosophiaholdings.com
2020-10-09,"Landcadia Holdings III, Inc.",LCY,0.107,0.21600000000000003,Announced an Acquisition,Financial Services,NCM,United States,Shell Companies,646057536,0.63582003,
2020-10-07,Empower Limited,EMPW,0.039,0.076,Announced an Acquisition,Financial Services,NYQ,United States,Shell Companies,309687488,0.59968,https://logo.clearbit.com/empowermidocean.com
2020-10-07,TPG Pace Beneficial Finance Corporation,TPGY,0.537,1.274,Announced an Acquisition,Financial Services,NYQ,United States,Shell Companies,656249984,0.82641,https://logo.clearbit.com/tpg.com
2020-10-07,TPG Pace Tech Opportunities Corporation,PACE,0.025,0.049,Announced an Acquisition,Financial Services,NYQ,United States,Shell Companies,558562496,0.74476,https://logo.clearbit.com/tpg.com
2020-10-07,NextGen Acquisition Corporation,NGAC,0.046,0.09,Announced an Acquisition,Financial Services,NMS,United States,Shell Companies,464062496,0.45484,https://logo.clearbit.com/nextgenacq.com
2020-10-02,ION Acquisition Corporation 1 Limited,IACA,0.055999999999999994,0.106,Announced an Acquisition,Financial Services,NYQ,United States,Shell Companies,326028736,0.36376,https://logo.clearbit.com/ion-am.com
2020-10-02,VG Acquisition Corporation,VGAC,0.047,0.09,Announced an Acquisition,Financial Services,NYQ,United States,Shell Companies,631873856,0.4403,https://logo.clearbit.com/vgacquisition.com
2020-10-01,Altimeter Growth Corporation,AGC,0.33799999999999997,0.7140000000000001,Announced an Acquisition,Financial Services,NMS,United States,Shell Companies,796875008,0.24877001,https://logo.clearbit.com/altimetergrowth.com
2020-09-30,Qell Acquisition Corporation,QELL,0.055,0.10400000000000001,Announced an Acquisition,Financial Services,NCM,United States,Shell Companies,418279744,0.49141997,https://logo.clearbit.com/qellspac.com
2020-09-30,FG New America Acquisition Corporation,FGNA,0.092,0.175,Announced an Acquisition,Financial Services,NYQ,United States,Shell Companies,307394528,0.73183995,https://logo.clearbit.com/fgnewamerica.com
2020-09-30,Climate Change Crisis Real Impact I Acquisition Corporation,CLII,0.21600000000000003,0.434,Announced an Acquisition,Financial Services,NYQ,United States,Shell Companies,327031264,0.5116,https://logo.clearbit.com/climaterealimpactsolutions.com
2020-09-30,Vesper Healthcare Acquisition Corporation,VSPR,0.092,0.175,Announced an Acquisition,Financial Services,NMS,United States,Shell Companies,575287488,0.66933,https://logo.clearbit.com/vesperhealth.com
2020-09-25,Vector Acquisition Corporation,VACQ,0.162,0.31,Announced an Acquisition,Financial Services,NMS,United States,Shell Companies,418000000,0.56219,https://logo.clearbit.com/vectorcapital.com
2020-09-25,Fintech Acquisition Corporation IV,FTIV,0.147,0.27899999999999997,Announced an Acquisition,Financial Services,NMS,United States,Shell Companies,345965184,0.78399,
2020-09-24,Peridot Acquisition Corporation,PDAC,0.156,0.29600000000000004,Announced an Acquisition,Financial Services,NYQ,United States,Shell Companies,391687488,0.58647996,https://logo.clearbit.com/peridotspac.com
2020-09-23,Aspirational Consumer Lifestyle Corporation,ASPL,0.043,0.078,Announced an Acquisition,Financial Services,NYQ,Singapore,Shell Companies,296536352,0.77567,https://logo.clearbit.com/aspconsumer.com
2020-09-23,VPC Impact Acquisition Holdings,VIH,0.308,0.613,Announced an Acquisition,Financial Services,NMS,United States,Shell Companies,278656128,0.65949,https://logo.clearbit.com/victoryparkcapital.com
2020-09-23,ArcLight Clean Transition Corporation,ACTC,0.789,1.815,Announced an Acquisition,Financial Services,NMS,United States,Shell Companies,511293728,0.71014,https://logo.clearbit.com/arclightclean.com
2020-09-22,Falcon Capital Acquisition Corporation,FCAC,0.039,0.07,Announced an Acquisition,Financial Services,NMS,United States,Shell Companies,426937472,0.58603,https://logo.clearbit.com/falconequityinvestors.com
2020-09-18,Alpha Healthcare Acquisition Corporation,AHAC,0.21899999999999997,0.41100000000000003,Announced an Acquisition,Financial Services,NCM,United States,Shell Companies,134977504,0.56224,https://logo.clearbit.com/constellationalpha.com
2020-09-17,Reinvent Technology Partners,RTP,0.05,0.08800000000000001,Announced an Acquisition,Financial Services,NYQ,United States,Shell Companies,859481280,0.5172,https://logo.clearbit.com/reinventtechnologypartners.com
2020-09-15,Sandbridge Acquisition Corporation,SBG,0.040999999999999995,0.07200000000000001,Announced an Acquisition,Financial Services,NYQ,United States,Shell Companies,284624992,0.44166002,https://logo.clearbit.com/sandbridgeacquisition.com
2020-09-15,Software Acquisition Group Inc. II,SAII,0.084,0.14800000000000002,Announced an Acquisition,Financial Services,NCM,United States,Shell Companies,213341536,0.82259005,
2020-09-11,TWC Tech Holdings II Corporation,TWCT,0.024,0.040999999999999995,Announced an Acquisition,Financial Services,NCM,United States,Shell Companies,740992512,0.63787997,
2020-09-11,Tortoise Acquisition Corporation II,SNPR,0.052000000000000005,0.08900000000000001,Announced an Acquisition,Financial Services,NYQ,United States,Shell Companies,434268736,0.49257,https://logo.clearbit.com/tortoisespac.com
2020-09-10,Starboard Value Acquisition Corporation,SVAC,0.015,0.026000000000000002,Announced an Acquisition,Financial Services,NCM,United States,Shell Companies,500492704,0.59409,https://logo.clearbit.com/StarboardSVAC.com
2020-09-10,"NavSight Holdings, Inc.",NSH,0.051,0.087,Announced an Acquisition,Financial Services,NYQ,United States,Shell Companies,284337504,0.60126,https://logo.clearbit.com/navsight.com
2020-09-09,"Industrial Tech Acquisition, Inc.",ITAC,0.11,0.19,Announced an Acquisition,Financial Services,NMS,United States,Shell Companies,97261288,0.72756,
2020-09-04,Tailwind Acquisition Corporation,TWND,0.039,0.064,Announced an Acquisition,Financial Services,NYQ,United States,Shell Companies,411503456,0.66535,https://logo.clearbit.com/tailwindacquisition.com
2020-09-04,Highcape Capital Acquisition Corporation,CAPA,0.152,0.26,Announced an Acquisition,Financial Services,NMS,United States,Shell Companies,152234000,0.54771,https://logo.clearbit.com/spac.highcape.com
2020-09-03,BCTG Acquisition Corporation,BCTG,0.24,0.418,Announced an Acquisition,Financial Services,NCM,United States,Shell Companies,236220208,0.65222,
2020-09-02,"CM Life Sciences, Inc.",CMLF,0.5539999999999999,1.038,Announced an Acquisition,Financial Services,NCM,United States,Shell Companies,743820672,0.6464,https://logo.clearbit.com/i.cmlifesciencesspac.com
2020-08-26,FTAC Olympus Acquisition Corporation,FTOC,0.077,0.12300000000000001,Announced an Acquisition,Financial Services,NMS,United States,Shell Companies,981716416,0.5237,
2020-08-21,FAST Acquisition Corporation,FST,0.43,0.731,Announced an Acquisition,Financial Services,NYQ,United States,Shell Companies,297624992,0.86987996,https://logo.clearbit.com/fastacq.com
2020-08-19,Forum Merger III Corporation,FIII,0.05,0.077,Announced an Acquisition,Financial Services,NMS,United States,Shell Companies,315433216,0.43082002,https://logo.clearbit.com/forummerger.com
2020-08-18,Star Peak Energy Transition,STPK,2.075,4.48,Announced an Acquisition,Financial Services,NYQ,United States,Shell Companies,1154590208,0.75134003,https://logo.clearbit.com/stpk.starpeakcorp.com
2020-08-18,one,AONE,0.069,0.106,Announced an Acquisition,Financial Services,NYQ,United States,Shell Companies,269556256,0.99023,https://logo.clearbit.com/a-star.co
2020-08-18,Northern Genesis Acquisition Corporation,NGA,0.747,1.328,Announced an Acquisition,Financial Services,NYQ,United States,Shell Companies,570624000,0.35499,https://logo.clearbit.com/northerngenesis.com
2020-08-14,Dragoneer Growth Opportunities Corporation,DGNR,0.043,0.065,Announced an Acquisition,Financial Services,NYQ,United States,Shell Companies,876299968,0.43033,https://logo.clearbit.com/dragoneergrowth.com
2020-08-12,Fortress Value Acquisition Corporation II,FAII,0.03,0.044000000000000004,Announced an Acquisition,Financial Services,NYQ,United States,Shell Companies,433190624,0.70501,https://logo.clearbit.com/fortressvalueac2.com
2020-08-07,Vistas Media Acquisition Company Inc.,VMAC,0.044000000000000004,0.064,Announced an Acquisition,Financial Services,NCM,United States,Shell Companies,151920304,0.63213,https://logo.clearbit.com/vmac.media
2020-08-07,ARYA Sciences Acquisition Corporation III,ARYA,0.204,0.309,Announced an Acquisition,Financial Services,NCM,United States,Shell Companies,227551888,0.90255,
2020-08-06,"Gores Holdings V, Inc.",GRSV,0.034,0.05,Announced an Acquisition,Financial Services,NMS,United States,Shell Companies,657634688,0.72362,
2020-08-06,Kismet Acquisition One Corporation,KSMT,0.024,0.035,Announced an Acquisition,Financial Services,NMS,United States,Shell Companies,314642496,0.57235,
2020-08-05,Holicity Inc.,HOL,0.077,0.113,Announced an Acquisition,Financial Services,NMS,United States,Shell Companies,378750016,0.77449995,https://logo.clearbit.com/holicity.inc
2020-08-05,BowX Acquisition Corporation,BOWX,0.305,0.466,Announced an Acquisition,Financial Services,NMS,United States,Shell Companies,708802496,0.38784,https://logo.clearbit.com/bowcapital.com
2020-07-31,NewHold Investment Corporation,NHIC,0.05,0.071,Announced an Acquisition,Financial Services,NMS,United States,Shell Companies,214592144,0.53780997,https://logo.clearbit.com/nhicspac.com
2020-07-30,Churchill Capital Corporation IV,CCIV,1.119,1.87,Announced an Acquisition,Financial Services,NYQ,United States,Shell Companies,4936949760,0.54241,https://logo.clearbit.com/iv.churchillcapitalcorp.com
2020-07-28,ACE Convergence Acquisition Corporation,ACEV,0.076,0.107,Announced an Acquisition,Financial Services,NMS,United States,Shell Companies,285487520,0.58397,https://logo.clearbit.com/acev.io
2020-07-24,Ascendant Digital Acquisition Corporation,ACND,0.051,0.07,Announced an Acquisition,Financial Services,NYQ,United States,Shell Companies,512324992,0.71345,https://logo.clearbit.com/ascendant.digital
2020-07-22,Property Solutions Acquisition Corporation,PSAC,0.452,0.662,Announced an Acquisition,Financial Services,NMS,United States,Shell Companies,336783264,0.38229,https://logo.clearbit.com/psacspac.com
2020-07-17,Deerfield Healthcare Technology Acquisition Corporation,DFHT,0.39299999999999996,0.5579999999999999,Announced an Acquisition,Financial Services,NMS,United States,Shell Companies,232695952,0.80978996,
2020-07-15,D8 Holdings Corporation,DEH,0.067,0.08900000000000001,Announced an Acquisition,Financial Services,NYQ,Hong Kong,Shell Companies,429740640,0.58952,https://logo.clearbit.com/d8holdingscorp.com
2020-07-15,Malacca Straits Acquisition Company Limited,MLAC,0.036000000000000004,0.047,Announced an Acquisition,Financial Services,NCM,Hong Kong,Shell Companies,177711440,0.53507,
2020-07-14,Artius Acquisition Inc.,AACQ,0.055,0.07400000000000001,Announced an Acquisition,NaN,NCM,NaN,NaN,905624960,NaN,
2020-07-08,Therapeutics Acquisition Corporation,RACA,0.003,0.004,Announced an Acquisition,Financial Services,NCM,United States,Shell Companies,180213904,1.02091,https://logo.clearbit.com/researchalliancecorp.com
2020-06-26,Fusion Acquisition Corporation,FUSE,0.055999999999999994,0.07,Announced an Acquisition,Financial Services,NYQ,United States,Shell Companies,433343744,0.68254,https://logo.clearbit.com/fusionacq.com
2020-06-09,Hudson Executive Investment Corporation,HEC,0.057,0.067,Announced an Acquisition,Financial Services,NMS,United States,Shell Companies,513360000,0.7904,https://logo.clearbit.com/hudsonexecutive.com
2020-05-27,Foley Trasimene Acquisition Corporation,WPF,0.055999999999999994,0.064,Announced an Acquisition,Financial Services,NYQ,United States,Shell Companies,1285340672,0.71481,https://logo.clearbit.com/foleytrasimene.com
2020-05-14,"GigCapital3, Inc.",GIK,0.031,0.033,Announced an Acquisition,Financial Services,NYQ,United States,Shell Companies,219835808,0.17085,https://logo.clearbit.com/gigcapital3.com
2020-05-14,Jaws Acquisition Corporation,JWS,0.45299999999999996,0.498,Announced an Acquisition,Financial Services,NYQ,United States,Shell Companies,1123837440,1.02933,https://logo.clearbit.com/jawsholdings.com
2020-05-06,Sustainable Opportunities Acquisition Corporation,SOAC,0.048,0.05,Announced an Acquisition,Financial Services,NYQ,United States,Shell Companies,370312512,0.5629,https://logo.clearbit.com/greenspac.com
2020-04-23,Chardan Healthcare Acquisition 2 Corporation,CHAQ,0.10099999999999999,0.10300000000000001,Announced an Acquisition,Financial Services,ASE,United States,Shell Companies,109626088,0.35701,https://logo.clearbit.com/chardanhealthcarespac.com
2020-02-20,East Stone Acquisition Corporation,ESSC,0.023,0.02,Announced an Acquisition,Financial Services,NMS,United States,Shell Companies,177390832,0.68893,
2020-02-11,Greenrose Acquisition Corporation,GNRS,0.07,0.059000000000000004,Announced an Acquisition,Financial Services,NMS,United States,Shell Companies,218060240,0.6294,
2019-11-26,Alussa Energy Acquisition Corporation,ALUS,0.091,0.065,Announced an Acquisition,Financial Services,NYQ,Cayman Islands,Shell Companies,358656224,0.98436,https://logo.clearbit.com/alussaenergy.com
2019-11-19,GreenVision Acquisition Corporation,GRNV,0.172,0.12,Announced an Acquisition,Financial Services,NMS,United States,Shell Companies,73168752,0.61355996,
2019-11-08,"Juniper Industrial Holdings, Inc.",JIH,0.535,0.34700000000000003,Announced an Acquisition,Financial Services,NYQ,United States,Shell Companies,572484352,1.1087201,https://logo.clearbit.com/juniperindustrial.com
2019-11-08,Stable Road Acquisition Corporation,SRAC,0.257,0.172,Announced an Acquisition,Financial Services,NMS,United States,Shell Companies,283483968,0.31616,https://logo.clearbit.com/stableroadcapital.com
2019-11-07,LGL Systems Acquisition Corporation,DFNS,0.042,0.028999999999999998,Announced an Acquisition,Financial Services,NYQ,United States,Shell Companies,213684368,0.7345,https://logo.clearbit.com/dfns.ai
2019-11-01,FinServ Acquisition Corporation,FSRV,0.526,0.336,Announced an Acquisition,Financial Services,NMS,United States,Shell Companies,428892896,0.65417,https://logo.clearbit.com/finservacquisition.com
2019-11-01,Osprey Technology Acquisition Corporation,SFTW,0.07,0.047,Announced an Acquisition,Financial Services,NYQ,United States,Shell Companies,393335424,0.91909,https://logo.clearbit.com/osprey-technology.com
2019-10-18,Union Acquisition Corporation II,LATN,0.076,0.05,Announced an Acquisition,Financial Services,NMS,United States,Shell Companies,251500016,0.6696,https://logo.clearbit.com/unionacquisitiongroup.com
2019-09-17,Apex Technology Acquisition Corporation,APXT,0.233,0.141,Announced an Acquisition,Financial Services,NMS,United States,Shell Companies,474563968,0.124280006,https://logo.clearbit.com/apexacquisitioncorp.com
2019-09-13,Experience Investment Corporation,EXPC,0.062,0.039,Announced an Acquisition,Financial Services,NCM,United States,Shell Companies,342546880,0.74059,
2019-08-09,"Thunder Bridge Acquisition II, Limited",THBR,0.095,0.055,Announced an Acquisition,Financial Services,NMS,United States,Shell Companies,432112512,0.49675,
2019-08-08,Silver Spike Acquisition Corporation,SSPK,1.182,0.5870000000000001,Announced an Acquisition,Financial Services,NMS,United States,Shell Companies,528101344,0.95834,https://logo.clearbit.com/silverspikecap.com
2019-07-12,SC Health Corporation,SCPE,0.068,0.038,Announced an Acquisition,Financial Services,NYQ,Singapore,Shell Companies,228809376,0.73277,https://logo.clearbit.com/schealthcorp.com
2019-06-27,Churchill Capital Corporation II,CCX,0.048,0.026000000000000002,Announced an Acquisition,Financial Services,NYQ,United States,Shell Companies,863362496,0.92466,https://logo.clearbit.com/churchillcapitalcorp.com
2019-06-06,"GigCapital2, Inc.",GIX,0.11900000000000001,0.062,Announced an Acquisition,Financial Services,NYQ,United States,Shell Companies,198915488,0.40004003,https://logo.clearbit.com/gigcapital2.com
2019-05-21,Gx Acquisition Corporation,GXGX,0.067,0.035,Announced an Acquisition,Financial Services,NMS,United States,Shell Companies,363328128,0.62894,
2019-03-08,Crescent Acquisition Corporation,CRSA,0.067,0.031,Announced an Acquisition,Financial Services,NMS,United States,Shell Companies,314062496,0.88964,https://logo.clearbit.com/crescentspac.com
2019-03-05,Tuscan Holdings Corporation,THCB,0.35,0.152,Announced an Acquisition,Financial Services,NMS,United States,Shell Companies,392096000,0.20096001,
2019-01-29,Andina Acquisition Corporation III,ANDA,0.126,0.055,Announced an Acquisition,Financial Services,NMS,Colombia,Shell Companies,45209016,0.51832,
2018-10-24,Alberton Acquisition Corporation,ALAC,0.17300000000000001,0.066,Announced an Acquisition,Financial Services,NCM,Hong Kong,Shell Companies,50629184,0.10709,https://logo.clearbit.com/albertoncorp.com
2018-05-29,Trident Acquisition Corporation,TDAC,0.43,0.132,Announced an Acquisition,Financial Services,NCM,United States,Shell Companies,140261440,0.05945,https://logo.clearbit.com/tridentacquisitions.com
2017-12-01,Leisure Acquisition Corporation,LACQ,0.322,0.086,Announced an Acquisition,Financial Services,NMS,United States,Shell Companies,78985984,0.57403,https://logo.clearbit.com/leisureacq.com
2017-11-20,Big Rock Partners Acquisition Corporation,BRPA,3.1630000000000003,0.52,Announced an Acquisition,Financial Services,NMS,United States,Shell Companies,79346096,0.0424,https://logo.clearbit.com/bigrockpartners.com
