Date of IPO,Name,Ticker,ROI,ARR,Status,
2021-04-14,TPG Pace Beneficial II Corp.,YTPG,1.1,636.4,Seeking a Target,
2021-04-14,TCV Acquisition Corp.,TCVA,2.5,8959.5,Seeking a Target,
2021-04-09,Global SPAC Partners Company,GLSPT,,,Seeking a Target,
2021-04-09,Aldel Financial Inc.,ADF,,,Seeking a Target,
2021-04-09,TPG Pace Solutions Corp.,TPGS,1.4,106.5,Seeking a Target,
2021-04-08,Tio Tech A,TIOA,,,Seeking a Target,
2021-04-08,Model Performance Acquisition Corp.,MPAC,,,Seeking a Target,
2021-04-07,Panacea Acquisition Corp. II,PANA,0.3,12.9,Seeking a Target,
2021-04-07,CM Life Sciences III Inc.,CMLT,,,Seeking a Target,
2021-04-06,Ace Global Business Acquisition Limited,ACBA,,,Seeking a Target,
2021-03-31,Nocturne Acquisition Corporation,MBTC,,,Seeking a Target,
2021-03-30,two,TWOA,-0.6,-12.1,Seeking a Target,
2021-03-25,"Landcadia Holdings IV, Inc.",LCA,,,Seeking a Target,
2021-03-25,MSD Acquisition Corp.,MSDA,,,Seeking a Target,
2021-03-24,Corazon Capital V838 Monoceros Corp,CRZN,,,Seeking a Target,
2021-03-24,Decarbonization Plus Acquisition Corporation III,DCRC,,,Seeking a Target,
2021-03-24,Khosla Ventures Acquisition Co. II,KVSB,2.0,36.9,Seeking a Target,
2021-03-24,Khosla Ventures Acquisition Co. III,KVSC,1.1,19.0,Seeking a Target,
2021-03-24,Northern Genesis Acquisition Corp. III,NGC,,,Seeking a Target,
2021-03-24,Disruptive Acquisition Corporation I,DISA,,,Seeking a Target,
2021-03-23,Newbury Street Acquisition Corporation,NBST,,,Seeking a Target,
2021-03-23,ArcLight Clean Transition Corp. II,ACTD,,,Seeking a Target,
2021-03-23,Glass Houses Acquisition Corp.,GLHA,,,Seeking a Target,
2021-03-23,Rocket Internet Growth Opportunities Corp.,RKTA,,,Seeking a Target,
2021-03-23,TB SA Acquisition Corp,TBSA,,,Seeking a Target,
2021-03-23,Virgin Group Acquisition Corp. II,VGII,,,Seeking a Target,
2021-03-23,"Supernova Partners Acquisition Company III, Ltd.",STRE,,,Seeking a Target,
2021-03-23,"Gores Guggenheim, Inc.",GGPI,,,Seeking a Target,
2021-03-23,Magnum Opus Acquisition Limited,OPA,,,Seeking a Target,
2021-03-23,Dragoneer Growth Opportunities Corp. III,DGNU,1.4,23.5,Seeking a Target,
2021-03-23,"Lead Edge Growth Opportunities, Ltd",LEGA,,,Seeking a Target,
2021-03-23,NextGen Acquisition Corp. II,NGCA,,,Seeking a Target,
2021-03-19,LDH Growth Corp I,LDHA,,,Seeking a Target,
2021-03-19,Longview Acquisition Corp. II,LGV,,,Seeking a Target,
2021-03-19,Levere Holdings Corp.,LVRA,,,Seeking a Target,
2021-03-19,Glenfarne Merger Corp.,GGMC,,,Seeking a Target,
2021-03-19,AF Acquisition Corp.,AFAQ,,,Seeking a Target,
2021-03-19,BYTE Acquisition Corp.,BYTS,,,Seeking a Target,
2021-03-18,American Acquisition Opportunity Inc.,AMAO,,,Seeking a Target,
2021-03-18,Forum Merger IV Corporation,FMIV,,,Seeking a Target,
2021-03-18,GX Acquisition Corp. II,GXII,,,Seeking a Target,
2021-03-18,Revolution Healthcare Acquisition Corp.,REVH,,,Seeking a Target,
2021-03-18,Accelerate Acquisition Corp.,AAQC,,,Seeking a Target,
2021-03-18,Research Alliance Corp. II,RACB,10.0,231.9,Seeking a Target,
2021-03-17,KKR Acquisition Holdings I Corp.,KAHC,,,Seeking a Target,
2021-03-17,Athena Technology Acquisition Corp.,ATHN,,,Seeking a Target,
2021-03-17,Tech and Energy Transition Corporation,TETC,,,Seeking a Target,
2021-03-17,Golden Arrow Merger Corp.,GAMC,,,Seeking a Target,
2021-03-17,Kadem Sustainable Impact Corporation,KSI,,,Seeking a Target,
2021-03-17,Build Acquisition Corp.,BGSX,,,Seeking a Target,
2021-03-16,Reinvent Technology Partners Y,RTPY,,,Seeking a Target,
2021-03-16,European Biotech Acquisition Corp.,EBAC,,,Seeking a Target,
2021-03-16,Fortress Value Acquisition Corp. IV,FVIV,,,Seeking a Target,
2021-03-16,Plum Acquisition Corp. I,PLMI,,,Seeking a Target,
2021-03-16,Waldencast Acquisition Corp.,WALD,,,Seeking a Target,
2021-03-16,FAST Acquisition Corp. II,FZT,,,Seeking a Target,
2021-03-12,"Gores Technology Partners, Inc.",GTPA,,,Seeking a Target,
2021-03-12,Ross Acquisition Corp II,ROSS,,,Seeking a Target,
2021-03-12,FTAC Parnassus Acquisition Corp.,FTPA,,,Seeking a Target,
2021-03-12,Stratim Cloud Acquisition Corp.,SCAQ,,,Seeking a Target,
2021-03-12,CF Acquisition Corp. VIII,CFFE,,,Seeking a Target,
2021-03-12,"Gores Technology Partners II, Inc.",GTPB,,,Seeking a Target,
2021-03-11,Silver Spike Acquisition Corp II,SPKB,,,Seeking a Target,
2021-03-11,Archimedes Tech SPAC Partners Co.,ATSP,,,Seeking a Target,
2021-03-11,G&P Acquisition Corp.,GAPA,,,Seeking a Target,
2021-03-11,Frontier Acquisition Corp.,FRON,,,Seeking a Target,
2021-03-11,Pine Technology Acquisition Corp.,PTOC,,,Seeking a Target,
2021-03-11,L Catterton Asia Acquisition Corp,LCAA,,,Seeking a Target,
2021-03-10,Agile Growth Corp.,AGGR,,,Seeking a Target,
2021-03-10,Colonnade Acquisition Corp. II,CLAA,,,Seeking a Target,
2021-03-10,Digital Transformation Opportunities Corp.,DTOC,,,Seeking a Target,
2021-03-10,Vector Acquisition Corporation II,VAQC,-0.5,-4.8,Seeking a Target,
2021-03-10,Sandbridge X2 Corp.,SBII,,,Seeking a Target,
2021-03-10,Forest Road Acquisition Corp. II,FRXB,,,Seeking a Target,
2021-03-10,ESM Acquisition Corporation,ESM,,,Seeking a Target,
2021-03-10,PWP Forward Acquisition Corp. I,FRW,,,Seeking a Target,
2021-03-09,Peridot Acquisition Corp. II,PDOT,,,Seeking a Target,
2021-03-09,SVF Investment Corp. 2,SVFB,3.5,39.2,Seeking a Target,
2021-03-09,SVF Investment Corp. 3,SVFC,2.0,21.0,Seeking a Target,
2021-03-09,Independence Holdings Corp.,ACQR,,,Seeking a Target,
2021-03-05,VPC Impact Acquisition Holdings II,VPCB,,,Seeking a Target,
2021-03-05,Tribe Capital Growth Corp I,ATVC,,,Seeking a Target,
2021-03-05,"VPC Impact Acquisition Holdings III, Inc.",VPCC,,,Seeking a Target,
2021-03-05,Lerer Hippeau Acquisition Corp.,LHAA,-0.5,-4.3,Seeking a Target,
2021-03-05,InterPrivate II Acquisition Corp.,IPVA,,,Seeking a Target,
2021-03-05,InterPrivate III Financial Partners Inc.,IPVF,,,Seeking a Target,
2021-03-05,InterPrivate IV InfraTech Partners Inc.,IPVI,,,Seeking a Target,
2021-03-05,"dMY Technology Group, Inc. IV",DMYQ,,,Seeking a Target,
2021-03-05,Tailwind Two Acquisition Corp.,TWNT,,,Seeking a Target,
2021-03-05,First Reserve Sustainable Growth Corp.,FRSG,,,Seeking a Target,
2021-03-05,Warburg Pincus Capital Corporation I A,WPCA,,,Seeking a Target,
2021-03-05,Warburg Pincus Capital Corporation I B,WPCB,,,Seeking a Target,
2021-03-04,Twin Ridge Capital Acquisition Corp.,TRCA,,,Seeking a Target,
2021-03-04,Altimar Acquisition Corp. III,ATAQ,,,Seeking a Target,
2021-03-04,FTAC Hera Acquisition Corp.,HERA,,,Seeking a Target,
2021-03-04,Property Solutions Acquisition Corp. II,PSAG,-0.4,-3.3,Seeking a Target,
2021-03-04,Atlantic Coastal Acquisition Corp.,ACAH,,,Seeking a Target,
2021-03-04,RXR Acquisition Corp.,RXRA,,,Seeking a Target,
2021-03-04,Aurora Acquisition Corp.,AURC,,,Seeking a Target,
2021-03-04,Khosla Ventures Acquisition Co.,KVSA,5.0,51.3,Seeking a Target,
2021-03-04,M3-Brigade Acquisition II Corp.,MBAC,,,Seeking a Target,
2021-03-03,Roth CH Acquisition III Co.,ROCR,3.3,31.2,Seeking a Target,
2021-03-03,Isos Acquisition Corp.,ISOS,,,Seeking a Target,
2021-03-03,Mission Advancement Corp.,MACC,,,Seeking a Target,
2021-03-02,Goldenbridge Acquisition Limited,GBRG,3.9,36.4,Seeking a Target,
2021-03-02,Live Oak Mobility Acquisition Corp.,LOKM,,,Seeking a Target,
2021-03-02,"Advanced Merger Partners, Inc.",AMPI,,,Seeking a Target,
2021-03-02,Northern Star Investment Corp. III,NSTC,,,Seeking a Target,
2021-03-02,Northern Star Investment Corp. IV,NSTD,,,Seeking a Target,
2021-03-02,TCW Special Purpose Acquisition Corp.,TSPQ,,,Seeking a Target,
2021-03-02,Anzu Special Acquisition Corp I,ANZU,,,Seeking a Target,
2021-03-02,DHC Acquisition Corp.,DHCA,,,Seeking a Target,
2021-03-02,NightDragon Acquisition Corp.,NDAC,,,Seeking a Target,
2021-03-02,"Supernova Partners Acquisition Company II, Ltd.",SNII,,,Seeking a Target,
2021-03-02,FinTech Evolution Acquisition Group,FTEV,,,Seeking a Target,
2021-03-02,Arrowroot Acquisition Corp.,ARRW,,,Seeking a Target,
2021-03-02,Haymaker Acquisition Corp. III,HYAC,,,Seeking a Target,
2021-03-02,DHB Capital Corp.,DHBC,,,Seeking a Target,
2021-03-02,Orion Acquisition Corp.,OHPA,,,Seeking a Target,
2021-02-26,African Gold Acquisition Corporation,AGAC,0.3,2.6,Seeking a Target,
2021-02-26,Fusion Acquisition Corp. II,FSNB,,,Seeking a Target,
2021-02-26,Kensington Capital Acquisition Corp. II,KCAC,,,Seeking a Target,
2021-02-26,Leo Holdings III Corp,LIII,,,Seeking a Target,
2021-02-26,MCAP Acquisition Corporation,MACQ,,,Seeking a Target,
2021-02-26,Twelve Seas Investment Company II,TWLV,,,Seeking a Target,
2021-02-26,Warrior Technologies Acquisition Company,WARR,,,Seeking a Target,
2021-02-26,SilverBox Engaged Merger Corp I,SBEA,,,Seeking a Target,
2021-02-26,Ibere Pharmaceuticals,IBER,,,Seeking a Target,
2021-02-26,Austerlitz Acquisition Corporation I,AUS,,,Seeking a Target,
2021-02-26,Austerlitz Acquisition Corporation II,ASZ,,,Seeking a Target,
2021-02-26,Freedom Acquisition I Corp.,FACT,,,Seeking a Target,
2021-02-26,ARYA Sciences Acquisition Corp IV,ARYD,8.0,77.4,Seeking a Target,
2021-02-25,Isleworth Healthcare Acquisition Corp.,ISLE,1.0,7.1,Seeking a Target,
2021-02-25,Gores Holdings VIII,GIIX,,,Seeking a Target,
2021-02-25,Flame Acquisition Corp.,FLME,,,Seeking a Target,
2021-02-25,USHG Acquisition Corp.,HUGS,,,Seeking a Target,
2021-02-25,EJF Acquisition Corp.,EJFA,,,Seeking a Target,
2021-02-24,BOA Acquisition Corp.,BOAS,0.3,2.4,Seeking a Target,
2021-02-24,Hudson Executive Investment Corp. III,HIII,,,Seeking a Target,
2021-02-24,Cartesian Growth Corporation,GLBL,,,Seeking a Target,
2021-02-24,Colicity Inc.,COLI,1.6,12.0,Seeking a Target,
2021-02-24,Soaring Eagle Acquisition Corp.,SRNG,,,Seeking a Target,
2021-02-23,FTAC Athena Acquisition Corp.,FTAA,,,Seeking a Target,
2021-02-23,Slam Corp.,SLAM,0.3,2.1,Seeking a Target,
2021-02-23,Arctos NorthStar Acquisition Corp.,ANAC,2.1,15.5,Seeking a Target,
2021-02-23,Velocity Acquisition Corp.,VELO,,,Seeking a Target,
2021-02-23,"Gores Holdings VII, Inc.",GSEV,1.0,7.4,Seeking a Target,
2021-02-19,B. Riley Principal 150 Merger Corp.,BRPM,1.0,6.5,Seeking a Target,
2021-02-19,Alpha Capital Acquisition Company,ASPC,0.7,4.6,Seeking a Target,
2021-02-19,CF Acquisition Corp. VI,CFVI,0.1,0.5,Seeking a Target,
2021-02-19,"Simon Property Group Acquisition Holdings, Inc.",SPGS,1.7,11.5,Seeking a Target,
2021-02-19,Tailwind International Acquisition Corp.,TWNI,1.1,7.4,Seeking a Target,
2021-02-19,Figure Acquisition Corp. I,FACA,6.2,47.6,Seeking a Target,
2021-02-18,Kismet Acquisition Two Corp.,KAII,-0.3,-1.7,Seeking a Target,
2021-02-18,Kismet Acquisition Three Corp.,KIII,,,Seeking a Target,
2021-02-18,FinServ Acquisition Corp. II,FSRX,,,Seeking a Target,
2021-02-17,FS Development Corp. II,FSII,1.2,7.5,Seeking a Target,
2021-02-17,SportsTek Acquisition Corp.,SPTK,1.2,7.8,Seeking a Target,
2021-02-17,ABG Acquisition Corp. I,ABGI,,,Seeking a Target,
2021-02-17,Moringa Acquisition Corp,MACA,1.2,7.5,Seeking a Target,
2021-02-17,New Vista Acquisition Corp,NVSA,1.1,7.3,Seeking a Target,
2021-02-17,Pathfinder Acquisition Corporation,PFDR,-0.1,-0.6,Seeking a Target,
2021-02-16,Medicus Sciences Acquisition Corp.,MSAC,-1.9,-11.4,Seeking a Target,
2021-02-12,Churchill Capital Corp VI,CCVI,1.9,11.6,Seeking a Target,
2021-02-12,Churchill Capital Corp VII,CVII,0.4,2.3,Seeking a Target,
2021-02-12,Bite Acquisition Corp.,BITE,,,Seeking a Target,
2021-02-12,Catcha Investment Corp,CHAA,1.5,9.0,Seeking a Target,
2021-02-12,Social Leverage Acquisition Corp I,SLAC,0.9,5.3,Seeking a Target,
2021-02-12,Tishman Speyer Innovation Corp. II,TSIB,1.5,9.0,Seeking a Target,
2021-02-12,Broadscale Acquisition Corp.,SCLE,0.7,4.1,Seeking a Target,
2021-02-12,Rosecliff Acquisition Corp I,RCLF,0.1,0.4,Seeking a Target,
2021-02-12,Tuatara Capital Acquisition Corporation,TCAC,1.6,9.3,Seeking a Target,
2021-02-11,Goal Acquisitions Corp.,PUCK,3.1,19.0,Seeking a Target,
2021-02-11,ION Acquisition Corp 2 Ltd.,IACB,,,Seeking a Target,
2021-02-10,Apollo Strategic Growth Capital II,APGB,1.3,7.5,Seeking a Target,
2021-02-10,Foresight Acquisition Corp.,FORE,0.9,5.0,Seeking a Target,
2021-02-10,ScION Tech Growth II,SCOB,2.1,12.6,Seeking a Target,
2021-02-10,Power & Digital Infrastructure Acquisition Corp.,XPDI,2.8,16.8,Seeking a Target,
2021-02-10,Lazard Growth Acquisition Corp. I,LGAC,1.0,5.7,Seeking a Target,
2021-02-09,Venus Acquisition Corporation,VENA,10.3,71.8,Seeking a Target,
2021-02-09,Pivotal Investment Corporation III,PICC,1.1,6.5,Seeking a Target,
2021-02-09,Progress Acquisition Corp.,PGRW,1.4,7.7,Seeking a Target,
2021-02-09,ECP Environmental Growth Opportunities Corp.,ENNV,,,Seeking a Target,
2021-02-09,Spartan Acquisition Corp. III,SPAQ,1.6,9.0,Seeking a Target,
2021-02-09,Evo Acquisition Corp.,EVOJ,,,Seeking a Target,
2021-02-09,Crown PropTech Acquisitions,CPTK,0.9,5.3,Seeking a Target,
2021-02-09,Priveterra Acquisition Corp.,PMGM,0.4,2.2,Seeking a Target,
2021-02-09,"GigCapital4, Inc.",GIG,0.1,0.4,Seeking a Target,
2021-02-09,Adara Acquisition Corp.,ADRA,,,Seeking a Target,
2021-02-05,RMG Acquisition Corp. III,RMGC,0.8,4.0,Seeking a Target,
2021-02-05,Thunder Bridge Capital Partners III Inc.,TBCP,0.8,4.3,Seeking a Target,
2021-02-05,Sustainable Development Acquisition I Corp.,SDAC,2.8,15.2,Seeking a Target,
2021-02-05,JOFF Fintech Acquisition Corp.,JOFF,1.6,8.6,Seeking a Target,
2021-02-05,Quantum FinTech Acquisition Corporation,QFTA,1.4,7.5,Seeking a Target,
2021-02-05,Compute Health Acquisition Corp.,CPUH,2.1,11.3,Seeking a Target,
2021-02-05,Altimar Acquisition Corp. II,ATMR,1.8,9.6,Seeking a Target,
2021-02-05,Fifth Wall Acquisition Corp. I,FWAA,2.9,16.1,Seeking a Target,
2021-02-05,G Squared Ascend I Inc.,GSQD,0.3,1.4,Seeking a Target,
2021-02-05,HH&L Acquisition Co.,HHLA,2.9,15.9,Seeking a Target,
2021-02-05,COVA Acquisition Corp.,COVA,1.8,9.5,Seeking a Target,
2021-02-05,Alkuri Global Acquisition Corp,KURI,1.6,8.6,Seeking a Target,
2021-02-04,Centricus Acquisition Corp.,CENH,2.5,13.5,Seeking a Target,
2021-02-04,Atlas Crest Investment Corp. II,ACII,,,Seeking a Target,
2021-02-04,Decarbonization Plus Acquisition Corporation II,DCRN,2.8,15.1,Seeking a Target,
2021-02-04,Astrea Acquisition Corp.,ASAX,0.2,0.8,Seeking a Target,
2021-02-04,Novus Capital Corporation II,NXU,1.9,10.1,Seeking a Target,
2021-02-04,Itiquira Acquisition Corp.,ITQ,1.6,8.5,Seeking a Target,
2021-02-03,CC Neuberger Principal Holdings III,PRPC,2.2,11.6,Seeking a Target,
2021-02-03,"Kernel Group Holdings, Inc.",KRNL,0.9,4.4,Seeking a Target,
2021-02-03,Gaming & Hospitality Acquisition Corp.,GHAC,0.4,1.9,Seeking a Target,
2021-02-03,The Music Acquisition Corporation,TMAC,1.1,5.7,Seeking a Target,
2021-02-02,Noble Rock Acquisition Corporation,NRAC,1.3,6.8,Seeking a Target,
2021-02-02,MDH Acquisition Corp.,MDH,0.7,3.8,Seeking a Target,
2021-02-02,Ares Acquisition Corporation,AAC,0.4,2.1,Seeking a Target,
2021-02-02,Jaws Mustang Acquisition Corporation,JWSM,2.6,13.6,Seeking a Target,
2021-02-02,Thimble Point Acquisition Corp.,THMA,1.2,6.0,Seeking a Target,
2021-01-29,Brookline Capital Acquisition Corporation,BCAC,6.6,35.4,Seeking a Target,
2021-01-29,Growth Capital Acquisition Corporation,GCAC,0.5,2.2,Seeking a Target,
2021-01-29,CF Acquisition Corp. V,CFV,1.4,6.6,Seeking a Target,
2021-01-29,BlueRiver Acquisition Corp.,BLUA,1.0,4.7,Seeking a Target,
2021-01-29,"Mason Industrial Technology, Inc.",MIT,0.6,2.7,Seeking a Target,
2021-01-29,EQ Health Acquisition Corp.,EQHA,1.6,7.6,Seeking a Target,
2021-01-29,Clarim Acquisition Corp.,CLRM,-0.1,-0.2,Seeking a Target,
2021-01-29,Z-Work Acquisition Corp.,ZWRK,0.2,1.1,Seeking a Target,
2021-01-28,ITHAX Acquisition Corp.,ITHX,2.0,9.7,Seeking a Target,
2021-01-28,Ignyte Acquisition Corp.,IGNY,2.3,11.0,Seeking a Target,
2021-01-28,TLG Acquisition One Corp.,TLGA,0.4,1.9,Seeking a Target,
2021-01-27,Constellation Acquisition Corp I,CSTA,3.8,18.6,Seeking a Target,
2021-01-27,Climate Real Impact Solutions II Acquisition Corporation,CLIM,3.0,14.7,Seeking a Target,
2021-01-27,HealthCor Catalio Acquisition Corp.,HCAQ,0.7,3.3,Seeking a Target,
2021-01-27,Fortistar Sustainable Solutions Corp.,FSSI,3.5,17.2,Seeking a Target,
2021-01-26,Biotech Acquisition Company,BIOT,1.9,9.0,Seeking a Target,
2021-01-26,Hudson Executive Investment Corp. II,HCII,0.2,0.7,Seeking a Target,
2021-01-26,Bridgetown 2 Holdings Limited,BTNB,3.1,14.9,Seeking a Target,
2021-01-26,"LMF Acquisition Opportunities, Inc.",LMAO,3.0,14.4,Seeking a Target,
2021-01-26,D and Z Media Acquisition Corp.,DNZ,1.9,9.0,Seeking a Target,
2021-01-26,Science Strategic Acquisition Corp. Alpha,SSAA,0.8,3.9,Seeking a Target,
2021-01-26,DiamondHead Holdings Corp.,DHHC,1.0,4.4,Seeking a Target,
2021-01-22,Jack Creek Investment Corporation,JCIC,1.4,6.2,Seeking a Target,
2021-01-22,SCP & CO Healthcare Acquisition Company,SHAC,1.2,5.3,Seeking a Target,
2021-01-22,Liberty Media Acquisition Corp.,LMACA,8.8,44.3,Seeking a Target,
2021-01-22,Virtuoso Acquisition Corp.,VOSO,1.5,6.5,Seeking a Target,
2021-01-22,European Sustainable Growth Acquisition Corp.,EUSG,2.6,11.9,Seeking a Target,
2021-01-22,North Atlantic Acquisition Corporation,NAAC,1.6,7.0,Seeking a Target,
2021-01-22,Primavera Capital Acquisition Corporation,PV,3.9,18.1,Seeking a Target,
2021-01-22,One Equity Partners Open Water I Corp.,OEPW,0.9,4.1,Seeking a Target,
2021-01-20,Legato Merger Corporation,LEGO,3.6,16.1,Seeking a Target,
2021-01-20,FoxWayne Enterprises Acquisition Corp.,FOXW,3.4,15.2,Seeking a Target,
2021-01-20,TZP Strategies Acquisition Corp.,TZPS,1.0,4.5,Seeking a Target,
2021-01-20,Queens Gambit Growth Capital,GMBT,2.2,9.7,Seeking a Target,
2021-01-20,Oyster Enterprises Acquisition Corp.,OSTR,-0.1,-0.6,Seeking a Target,
2021-01-20,"Gores Metropoulos II, Inc.",GMII,2.9,13.0,Seeking a Target,
2021-01-15,Healthcare Capital Corp.,HCCC,2.4,10.0,Seeking a Target,
2021-01-15,Group Nine Acquisition Corp.,GNAC,3.0,12.7,Seeking a Target,
2021-01-15,Authentic Equity Acquisition Corp.,AEAC,2.6,10.6,Seeking a Target,
2021-01-15,Hennessy Capital Investment Corp. V,HCIC,1.1,4.4,Seeking a Target,
2021-01-15,OCA Acquisition Corp.,OCAX,2.7,11.3,Seeking a Target,
2021-01-15,26 Capital Acquisition Corp.,ADER,2.8,11.5,Seeking a Target,
2021-01-15,Edify Acquisition Corp.,EAC,1.1,4.6,Seeking a Target,
2021-01-15,Class Acceleration Corp.,CLAS,0.8,3.3,Seeking a Target,
2021-01-14,Environmental Impact Acquisition Corp.,ENVI,2.4,9.7,Seeking a Target,
2021-01-14,Monument Circle Acquisition Corp.,MON,0.9,3.5,Seeking a Target,
2021-01-14,Silver Crest Acquisition Corporation,SLCR,1.3,5.2,Seeking a Target,
2021-01-13,Marlin Technology Corporation,FINM,0.7,2.6,Seeking a Target,
2021-01-13,"Hamilton Lane Alliance Holdings I, Inc.",HLAH,1.8,7.1,Seeking a Target,
2021-01-13,Northern Genesis Acquisition Corp. II,NGAB,5.3,22.3,Seeking a Target,
2021-01-13,Deep Lake Capital Acquisition Corp.,DLCA,3.0,12.3,Seeking a Target,
2021-01-13,Fortress Capital Acquisition Corp.,FCAX,1.9,7.7,Seeking a Target,
2021-01-13,Pontem Corporation,PNTM,0.4,1.4,Seeking a Target,
2021-01-12,Big Cypress Acquisition Corp.,BCYP,3.4,13.6,Seeking a Target,
2021-01-12,Global Partner Acquisition Corp II,GPAC,-0.2,-0.6,Seeking a Target,
2021-01-12,Athlon Acquisition Corp.,SWET,1.6,6.2,Seeking a Target,
2021-01-12,Adit EdTech Acquisition Corp.,ADEX,1.0,3.7,Seeking a Target,
2021-01-12,"890 5th Avenue Partners, Inc.",ENFA,1.0,3.9,Seeking a Target,
2021-01-08,Leo Holdings Corp. II,LHC,2.0,7.6,Seeking a Target,
2021-01-08,Tastemaker Acquisition Corporation,TMKR,1.6,5.9,Seeking a Target,
2021-01-08,Epiphany Technology Acquisition Corp.,EPHY,1.4,5.2,Seeking a Target,
2021-01-08,KL Acquisition Corp,KLAQ,1.5,5.8,Seeking a Target,
2021-01-08,LightJump Acquisition Corporation,LJAQ,1.8,6.8,Seeking a Target,
2021-01-08,Switchback II Corporation,SWBK,4.1,16.2,Seeking a Target,
2021-01-08,Locust Walk Acquisition Corp.,LWAC,1.6,6.0,Seeking a Target,
2021-01-08,Global Synergy Acquisition Corp.,GSAQ,2.8,10.6,Seeking a Target,
2021-01-08,Prospector Capital Corp.,PRSR,1.5,5.8,Seeking a Target,
2021-01-08,SVF Investment Corp.,SVFA,6.6,26.7,Seeking a Target,
2021-01-08,Pioneer Merger Corp.,PACX,1.2,4.5,Seeking a Target,
2021-01-08,Provident Acquisition Corp.,PAQC,3.0,11.4,Seeking a Target,
2021-01-08,Empowerment & Inclusion Capital I Corp.,EPWR,1.6,6.1,Seeking a Target,
2021-01-08,Powered Brands,POW,0.9,3.3,Seeking a Target,
2021-01-07,KludeIn I Acquisition Corp.,INKA,1.5,5.5,Seeking a Target,
2021-01-07,Vickers Vantage Corp. I,VCKA,1.9,7.3,Seeking a Target,
2021-01-07,Altimeter Growth Corp. 2,AGCB,9.5,39.7,Seeking a Target,
2021-01-07,Ivanhoe Capital Acquisition Corp.,IVAN,5.3,20.8,Seeking a Target,
2021-01-07,VectoIQ Acquisition Corp. II,VTIQ,3.1,11.8,Seeking a Target,
2021-01-07,Bright Lights Acquisition Corp.,BLTS,1.2,4.5,Seeking a Target,
2021-01-07,Omega Alpha SPAC,OMEG,0.8,3.0,Seeking a Target,
2021-01-06,Sports Ventures Acquisition Corporation,AKIC,1.5,5.5,Seeking a Target,
2021-01-06,Poema Global Holdings Corp.,PPGH,1.6,6.0,Seeking a Target,
2021-01-06,Star Peak Corp II,STPC,6.0,23.8,Seeking a Target,
2021-01-06,Kairos Acquisition Corp.,KAIR,3.4,13.0,Seeking a Target,
2021-01-05,Crucible Acquisition Corporation,CRU,4.5,17.4,Seeking a Target,
2021-01-04,Benessere Capital Acquisition Corp.,BENE,4.4,16.6,Seeking a Target,
2021-01-04,Fortress Value Acquisition Corp. III,FVT,1.3,4.9,Seeking a Target,
2020-12-24,Ventoux CCM Acquisition Corp.,VTAQ,5.1,17.4,Seeking a Target,
2020-12-23,Healthcare Services Acquisition Corporation,HCAR,1.7,5.4,Seeking a Target,
2020-12-23,Viveon Health Acquisition Corp.,VHAQ,1.8,5.9,Seeking a Target,
2020-12-23,7GC & Co. Holdings Inc.,VII,2.4,7.7,Seeking a Target,
2020-12-23,CF Acquisition Corp. IV,CFIV,1.5,4.8,Seeking a Target,
2020-12-21,Ackrell SPAC Partners I Co,ACKIT,2.4,7.9,Seeking a Target,
2020-12-18,Dune Acquisition Corporation,DUNE,1.4,4.5,Seeking a Target,
2020-12-18,INSU Acquisition Corp. III,IIII,2.9,9.2,Seeking a Target,
2020-12-18,MedTech Acquisition Corporation,MTAC,2.2,6.8,Seeking a Target,
2020-12-18,Golden Falcon Acquisition Corp.,GFX,2.8,8.8,Seeking a Target,
2020-12-18,Seven Oaks Acquisition Corp.,SVOK,3.0,9.4,Seeking a Target,
2020-12-17,Corner Growth Acquisition Corp.,COOL,1.4,4.2,Seeking a Target,
2020-12-17,ScION Tech Growth I,SCOA,2.9,9.0,Seeking a Target,
2020-12-16,Churchill Capital Corporation V,CCV,3.4,10.5,Seeking a Target,
2020-12-15,Blue Water Acquisition Corporation,BLUW,6.5,20.7,Seeking a Target,
2020-12-15,KINS Technology Group Inc.,KINZ,2.0,6.1,Seeking a Target,
2020-12-15,Americas Technology Acquisition Corp.,ATA,2.8,8.6,Seeking a Target,
2020-12-15,Marquee Raine Acquisition Corp.,MRAC,2.1,6.3,Seeking a Target,
2020-12-11,"CBRE Acquisition Holdings, Inc.",CBAH,2.3,6.9,Seeking a Target,
2020-12-11,Delwinds Insurance Acquisition Corporation,DWIN,1.1,3.3,Seeking a Target,
2020-12-11,EdTechX Holdings Acquisition Corporation II,EDTX,1.5,4.4,Seeking a Target,
2020-12-11,Thayer Ventures Acquisition Corporation,TVAC,3.5,10.6,Seeking a Target,
2020-12-11,Globis Acquisition Corp.,GLAQ,7.3,22.6,Seeking a Target,
2020-12-11,Senior Connect Acquisition Corp. I,SNRH,2.1,6.4,Seeking a Target,
2020-12-11,Motive Capital Corp,MOTV,2.4,7.0,Seeking a Target,
2020-12-10,Periphas Capital Partnering Corporation,PCPC,-1.1,-3.2,Seeking a Target,
2020-12-10,Carney Technology Acquisition Corp. II,CTAQ,1.7,5.1,Seeking a Target,
2020-12-09,Altitude Acquisition Corporation,ALTU,7.3,22.3,Seeking a Target,
2020-12-09,HumanCo Acquisition Corp.,HMCO,6.9,20.8,Seeking a Target,
2020-12-09,Frazier Lifesciences Acquisition Corporation,FLAC,2.5,7.4,Seeking a Target,
2020-12-08,Concord Acquisition Corp.,CND,3.6,10.5,Seeking a Target,
2020-12-08,DD3 Acquisition Corp. II,DDMX,4.5,13.1,Seeking a Target,
2020-12-04,PropTech Investment Corporation II,PTIC,1.5,4.2,Seeking a Target,
2020-12-03,Far Peak Acquisition Corporation,FPAC,2.5,7.0,Seeking a Target,
2020-12-03,Highland Transcend Partners I Corp.,HTPA,2.9,8.0,Seeking a Target,
2020-12-03,Live Oak Acquisition Corp. II,LOKB,6.4,18.3,Seeking a Target,
2020-12-02,Trepont Acquisition Corp I,TACA,2.4,6.8,Seeking a Target,
2020-11-30,Seaport Global Acquisition Corporation,SGAM,4.7,12.9,Seeking a Target,
2020-11-24,Tiga Acquisition Corp.,TINV,6.1,16.3,Seeking a Target,
2020-11-23,Breeze Holdings Acquisition Corp.,BREZ,9.0,24.3,Seeking a Target,
2020-11-20,Aequi Acquisition Corporation,ARBG,1.6,3.9,Seeking a Target,
2020-11-20,Cascade Acquisition Corporation,CAS,3.2,8.2,Seeking a Target,
2020-11-20,Kingswood Acquisition Corporation,KWAC,4.8,12.2,Seeking a Target,
2020-11-20,LifeSci Acquisition II Corporation,LSAQ,1.1,2.8,Seeking a Target,
2020-11-20,Omnichannel Acquisition Corp.,OCA,3.9,9.8,Seeking a Target,
2020-11-19,Investindustrial Acquisition Corporation,IIAC,3.3,8.2,Seeking a Target,
2020-11-19,Jiya Acquisition Corp.,JYAC,-0.3,-0.7,Seeking a Target,
2020-11-19,L & F Acquisition Corporation,LNFA,3.1,7.8,Seeking a Target,
2020-11-19,"Population Health Investment Co., Inc.",PHIC,2.8,7.1,Seeking a Target,
2020-11-17,OTR Acquisition Corporation,OTRA,2.9,7.1,Seeking a Target,
2020-11-17,Dragoneer Growth Opportunities Corp. II,DGNS,2.8,7.0,Seeking a Target,
2020-11-17,Zanite Acquisition Corp.,ZNTE,6.4,16.3,Seeking a Target,
2020-11-17,Pine Island Acquisition Corporation,PIPP,6.3,16.0,Seeking a Target,
2020-11-13,Health Assurance Acquisition Corp.,HAAC,11.7,29.8,Seeking a Target,
2020-11-13,Better World Acquisition Corporation,BWAC,9.1,22.9,Seeking a Target,
2020-11-11,Natural Order Acquisition Corporation,NOAC,9.6,23.9,Seeking a Target,
2020-11-10,Edoc Acquisition Corporation,ADOC,8.6,21.0,Seeking a Target,
2020-11-06,Roman DBDR Tech Acquisition Corporation,DBDR,5.1,11.9,Seeking a Target,
2020-10-30,CONX Corporation,CONX,3.0,6.6,Seeking a Target,
2020-10-30,Bull Horn Holdings Corporation,BHSE,4.2,9.3,Seeking a Target,
2020-10-29,Duddell Street Acquisition Corporation,DSAC,8.1,18.2,Seeking a Target,
2020-10-28,Bluescape Opportunities Acquisition Corporation,BOAC,8.8,19.7,Seeking a Target,
2020-10-27,Mallard Acquisition Corporation,MACU,4.6,10.0,Seeking a Target,
2020-10-27,Lux Health Tech Acquisition Corporation,LUXA,6.8,15.0,Seeking a Target,
2020-10-23,Eucrates Biomedical Acquisition Corporation,EUCR,2.5,5.3,Seeking a Target,
2020-10-22,BCLS Acquisition Corporation,BLSA,3.3,7.0,Seeking a Target,
2020-10-22,Yellowstone Acquisition Company,YSAC,4.6,9.7,Seeking a Target,
2020-10-22,Tekkorp Digital Acquisition Corporation,TEKK,4.7,10.0,Seeking a Target,
2020-10-21,"DPCM Capital, Inc.",XPOA,4.3,9.1,Seeking a Target,
2020-10-21,H.I.G. Acquisition Corporation,HIGA,3.0,6.3,Seeking a Target,
2020-10-21,Lefteris Acquisition Corporation,LFTR,2.7,5.7,Seeking a Target,
2020-10-21,Sarissa Capital Acquisition Corporation,SRSA,4.2,8.8,Seeking a Target,
2020-10-20,Horizon Acquisition Corporation II,HZON,6.6,14.1,Seeking a Target,
2020-10-20,Helix Acquisition Corporation,HLXA,1.9,3.9,Seeking a Target,
2020-10-16,Bridgetown Holdings Limited,BTWN,15.6,33.8,Seeking a Target,
2020-10-16,Turmeric Acquisition Corporation,TMPM,1.4,2.8,Seeking a Target,
2020-10-15,Spartacus Acquisition Corporation,TMTS,3.4,6.8,Seeking a Target,
2020-10-14,5:01 Acquisition Corporation,FVAM,1.0,2.0,Seeking a Target,
2020-10-09,Social Capital Hedosophia IV,IPOD,14.1,29.0,Seeking a Target,
2020-10-09,Social Capital Hedosophia VI,IPOF,10.0,20.2,Seeking a Target,
2020-10-08,"Petra Acquisition, Inc.",PAIC,6.1,12.1,Seeking a Target,
2020-10-07,Montes Archimedes Acquisition Corporation,MAAC,2.6,5.1,Seeking a Target,
2020-10-06,FirstMark Horizon Acquisition Corporation,FMAC,6.3,12.4,Seeking a Target,
2020-10-02,Vy Global Growth,VYGG,6.4,12.2,Seeking a Target,
2020-10-02,Sports Entertainment Acquisition Corporation,SEAH,5.5,10.5,Seeking a Target,
2020-10-02,Apollo Strategic Growth Capital,APSG,3.0,5.7,Seeking a Target,
2020-10-02,Avanti Acquisition Corporation,AVAN,4.7,9.0,Seeking a Target,
2020-10-02,Atlantic Avenue Acquisition Corporation,ASAQ,2.5,4.7,Seeking a Target,
2020-10-01,AEA-Bridges Impact Corporation,IMPX,4.2,7.9,Seeking a Target,
2020-10-01,IG Acquisition Corporation,IGAC,4.0,7.5,Seeking a Target,
2020-10-01,Recharge Acquisition Corporation,RCHG,1.9,3.5,Seeking a Target,
2020-09-22,PMV Consumer Acquisition Corporation,PMVC,2.7,4.8,Seeking a Target,
2020-09-18,North Mountain Merger Corporation,NMMC,6.2,11.0,Seeking a Target,
2020-09-17,ACON S2 Acquisition Corporation,STWO,2.2,3.8,Seeking a Target,
2020-09-17,Oaktree Acquisition Corporation II,OACB,3.3,5.8,Seeking a Target,
2020-09-16,Executive Network Partnering Corporation,ENPC,0.7,1.2,Seeking a Target,
2020-09-16,Equity Distribution Acquisition Corporation,EQD,3.3,5.7,Seeking a Target,
2020-09-11,"Ribbit LEAP, Limited",LEAP,15.8,28.0,Seeking a Target,
2020-09-11,Broadstone Acquisition Corporation,BSN,2.3,3.9,Seeking a Target,
2020-09-10,Prime Impact Acquisition I,PIAI,1.3,2.2,Seeking a Target,
2020-09-09,Cohn Robbins Holdings Corporation,CRHC,4.7,8.0,Seeking a Target,
2020-08-27,Burgundy Technology Acquisition Corporation,BTAQ,4.1,6.6,Seeking a Target,
2020-08-21,Horizon Acquisition Corporation,HZAC,2.1,3.2,Seeking a Target,
2020-08-14,LionHeart Acquisition Corporation II,LCAP,3.2,4.7,Seeking a Target,
2020-08-13,RedBall Acquisition Corporation,RBAC,4.4,6.6,Seeking a Target,
2020-08-05,GO Acquisition Corporation,GOAC,3.1,4.5,Seeking a Target,
2020-08-04,Yucaipa Acquisition Corporation,YAC,3.2,4.6,Seeking a Target,
2020-08-04,Health Sciences Acquisition Corporation 2,HSAQ,3.9,5.6,Seeking a Target,
2020-07-31,CC Neuberger Principal Holdings II,PRPB,3.5,5.0,Seeking a Target,
2020-07-31,E.Merge Technology Acquisition Corporation,ETAC,3.3,4.7,Seeking a Target,
2020-07-24,Greencity Acquisition Corporation,GRCY,4.2,5.8,Seeking a Target,
2020-07-23,East Resources Acquisition Company,ERES,2.6,3.5,Seeking a Target,
2020-07-22,"Pershing Square Tontine Holdings, Limited",PSTH,25.5,36.3,Seeking a Target,
2020-07-16,HPX Corporation,HPX,3.0,3.9,Seeking a Target,
2020-07-13,PTK Acquisition Corporation,PTK,7.9,10.5,Seeking a Target,
2020-07-02,Capstar Special Purpose Acquisition Corporation,CPSR,3.4,4.3,Seeking a Target,
2020-06-30,GS Acquisition Corporation Holdings II,GSAH,9.6,12.2,Seeking a Target,
2020-06-24,Brilliant Acquisition Corporation,BRLI,8.7,10.8,Seeking a Target,
2020-06-17,Trebia Acquisition Corporation,TREB,5.7,6.9,Seeking a Target,
2020-03-11,DFP Healthcare Acquisition Corporation,DFPH,4.3,3.9,Seeking a Target,
2020-02-13,Yunhong International,ZGYH,6.8,5.8,Seeking a Target,
2020-02-11,CITIC Capital Acquisition Corporation,CCAC,5.7,4.8,Seeking a Target,
2020-01-24,SCVX Corporation,SCVX,4.1,3.3,Seeking a Target,
2019-12-11,LIV Capital Acquisition Corporation,LIVK,6.7,4.9,Seeking a Target,
2019-11-22,CHP Merger Corporation,CHPM,3.8,2.7,Seeking a Target,
2019-11-20,Amplitude Healthcare Acquisition Corporation,AMHC,5.1,3.6,Seeking a Target,
2019-11-05,Merida Merger Corporation I,MCMJ,5.7,3.9,Seeking a Target,
2019-10-18,Galileo Acquisition Corporation,GLEO,6.2,4.1,Seeking a Target,
2019-07-12,Tuscan Holdings Corporation II,THCA,4.3,2.4,Seeking a Target,
2019-07-12,Tuscan Holdings Corporation II,THCA,4.3,2.4,Seeking a Target,
2019-05-14,AGBA Acquisition Limited,AGBA,12.0,6.1,Seeking a Target,
2021-02-23,CM Life Sciences II Inc.,CMII,,,Announced an Acquisition,
2021-01-27,CA Healthcare Acquisition Corp.,CAHC,3.4,16.7,Announced an Acquisition,
2021-01-26,Northern Star Investment Corp. II,NSTB,2.0,9.5,Announced an Acquisition,
2021-01-15,Rotor Acquisition Corp.,ROT,4.1,17.3,Announced an Acquisition,
2021-01-15,Thoma Bravo Advantage,TBA,2.0,8.3,Announced an Acquisition,
2021-01-08,Mountain Crest Acquisition Corp. II,MCAD,6.3,25.6,Announced an Acquisition,
2020-12-11,"Gores Holdings VI, Inc.",GHVI,33.2,129.4,Announced an Acquisition,
2020-12-11,Roth CH Acquisition II Co.,ROCC,5.8,17.7,Announced an Acquisition,
2020-12-10,RMG Acquisition Corporation II,RMGB,5.3,15.9,Announced an Acquisition,
2020-12-09,Nebula Caravel Acquisition Corp.,NEBC,2.2,6.4,Announced an Acquisition,
2020-12-08,Mudrick Capital Acquisition Corporation II,MUDS,48.5,206.1,Announced an Acquisition,
2020-12-08,Revolution Acceleration Acquisition Corp.,RAAC,6.3,18.9,Announced an Acquisition,
2020-12-04,Fintech Acquisition Corp. V,FTCV,31.7,112.8,Announced an Acquisition,
2020-12-03,Jaws Spitfire Acquisition Corp.,SPFR,8.3,24.3,Announced an Acquisition,
2020-12-02,Capitol Investment Corp. V,CAP,3.3,9.1,Announced an Acquisition,
2020-12-02,Rodgers Silicon Valley Acquisition Corp.,RSVA,63.9,280.3,Announced an Acquisition,
2020-11-25,Forest Road Acquisition Corporation,FRX,7.3,19.9,Announced an Acquisition,
2020-11-25,Spartan Acquisition Corporation II,SPRQ,9.1,25.1,Announced an Acquisition,
2020-11-24,10X Capital Venture Acquisition Corporation,VCVC,7.9,21.4,Announced an Acquisition,
2020-11-24,Genesis Park Acquisition Corporation,GNPK,12.5,34.9,Announced an Acquisition,
2020-11-24,Spring Valley Acquisition Corporation,SV,4.0,10.6,Announced an Acquisition,
2020-11-19,Consonance-HFW Acquisition Corporation,CHFW,2.7,6.8,Announced an Acquisition,
2020-11-19,Reinvent Technology Partners Z,RTPZ,3.6,9.1,Announced an Acquisition,
2020-11-13,"dMY Technology Group, Inc. III",DMYI,10.2,25.8,Announced an Acquisition,
2020-11-13,CF Finance Acquisition Corporation III,CFAC,3.9,9.6,Announced an Acquisition,
2020-11-11,Northern Star Acquisition Corporation,STIC,31.2,88.8,Announced an Acquisition,
2020-11-10,TS Innovation Acquisitions Corp.,TSIA,8.1,19.7,Announced an Acquisition,
2020-10-30,New Beginnings Acquisition Corporation,NBA,7.4,16.8,Announced an Acquisition,
2020-10-28,Ajax I,AJAX,4.8,10.5,Announced an Acquisition,
2020-10-28,Atlas Crest Investment Corporation,ACIC,3.6,7.9,Announced an Acquisition,
2020-10-23,Acies Acquisition Corporation,ACAC,3.8,8.2,Announced an Acquisition,
2020-10-23,Altimar Acquisition Corporation,ATAC,3.9,8.3,Announced an Acquisition,
2020-10-22,Cerberus Telecom Acquisition Corporation,CTAC,2.3,4.9,Announced an Acquisition,
2020-10-22,Rice Acquisition Corporation,RICE,73.5,213.3,Announced an Acquisition,
2020-10-21,Supernova Partners Acquisition Company Inc.,SPNV,5.5,11.7,Announced an Acquisition,
2020-10-20,Good Works Acquisition Corporation,GWAC,10.7,23.2,Announced an Acquisition,
2020-10-20,Decarbonization Plus Acquisition Corporation,DCRB,7.4,15.7,Announced an Acquisition,
2020-10-15,Motion Acquisition Corporation,MOTN,1.7,3.4,Announced an Acquisition,
2020-10-09,Social Capital Hedosophia V,IPOE,74.6,193.3,Announced an Acquisition,
2020-10-09,"Landcadia Holdings III, Inc.",LCY,10.7,21.6,Announced an Acquisition,
2020-10-07,Empower Limited,EMPW,3.9,7.6,Announced an Acquisition,
2020-10-07,TPG Pace Beneficial Finance Corporation,TPGY,53.7,127.4,Announced an Acquisition,
2020-10-07,TPG Pace Tech Opportunities Corporation,PACE,2.5,4.9,Announced an Acquisition,
2020-10-07,NextGen Acquisition Corporation,NGAC,4.6,9.0,Announced an Acquisition,
2020-10-02,ION Acquisition Corporation 1 Limited,IACA,5.6,10.6,Announced an Acquisition,
2020-10-02,VG Acquisition Corporation,VGAC,4.7,9.0,Announced an Acquisition,
2020-10-01,Altimeter Growth Corporation,AGC,33.8,71.4,Announced an Acquisition,
2020-09-30,Qell Acquisition Corporation,QELL,5.5,10.4,Announced an Acquisition,
2020-09-30,FG New America Acquisition Corporation,FGNA,9.2,17.5,Announced an Acquisition,
2020-09-30,Climate Change Crisis Real Impact I Acquisition Corporation,CLII,21.6,43.4,Announced an Acquisition,
2020-09-30,Vesper Healthcare Acquisition Corporation,VSPR,9.2,17.5,Announced an Acquisition,
2020-09-25,Vector Acquisition Corporation,VACQ,16.2,31.0,Announced an Acquisition,
2020-09-25,Fintech Acquisition Corporation IV,FTIV,14.7,27.9,Announced an Acquisition,
2020-09-24,Peridot Acquisition Corporation,PDAC,15.6,29.6,Announced an Acquisition,
2020-09-23,Aspirational Consumer Lifestyle Corporation,ASPL,4.3,7.8,Announced an Acquisition,
2020-09-23,VPC Impact Acquisition Holdings,VIH,30.8,61.3,Announced an Acquisition,
2020-09-23,ArcLight Clean Transition Corporation,ACTC,78.9,181.5,Announced an Acquisition,
2020-09-22,Falcon Capital Acquisition Corporation,FCAC,3.9,7.0,Announced an Acquisition,
2020-09-18,Alpha Healthcare Acquisition Corporation,AHAC,21.9,41.1,Announced an Acquisition,
2020-09-17,Reinvent Technology Partners,RTP,5.0,8.8,Announced an Acquisition,
2020-09-15,Sandbridge Acquisition Corporation,SBG,4.1,7.2,Announced an Acquisition,
2020-09-15,Software Acquisition Group Inc. II,SAII,8.4,14.8,Announced an Acquisition,
2020-09-11,TWC Tech Holdings II Corporation,TWCT,2.4,4.1,Announced an Acquisition,
2020-09-11,Tortoise Acquisition Corporation II,SNPR,5.2,8.9,Announced an Acquisition,
2020-09-10,Starboard Value Acquisition Corporation,SVAC,1.5,2.6,Announced an Acquisition,
2020-09-10,"NavSight Holdings, Inc.",NSH,5.1,8.7,Announced an Acquisition,
2020-09-09,"Industrial Tech Acquisition, Inc.",ITAC,11.0,19.0,Announced an Acquisition,
2020-09-04,Tailwind Acquisition Corporation,TWND,3.9,6.4,Announced an Acquisition,
2020-09-04,Highcape Capital Acquisition Corporation,CAPA,15.2,26.0,Announced an Acquisition,
2020-09-03,BCTG Acquisition Corporation,BCTG,24.0,41.8,Announced an Acquisition,
2020-09-02,"CM Life Sciences, Inc.",CMLF,55.4,103.8,Announced an Acquisition,
2020-08-26,FTAC Olympus Acquisition Corporation,FTOC,7.7,12.3,Announced an Acquisition,
2020-08-21,FAST Acquisition Corporation,FST,43.0,73.1,Announced an Acquisition,
2020-08-19,Forum Merger III Corporation,FIII,5.0,7.7,Announced an Acquisition,
2020-08-18,Star Peak Energy Transition,STPK,207.5,448.0,Announced an Acquisition,
2020-08-18,one,AONE,6.9,10.6,Announced an Acquisition,
2020-08-18,Northern Genesis Acquisition Corporation,NGA,74.7,132.8,Announced an Acquisition,
2020-08-14,Dragoneer Growth Opportunities Corporation,DGNR,4.3,6.5,Announced an Acquisition,
2020-08-12,Fortress Value Acquisition Corporation II,FAII,3.0,4.4,Announced an Acquisition,
2020-08-07,Vistas Media Acquisition Company Inc.,VMAC,4.4,6.4,Announced an Acquisition,
2020-08-07,ARYA Sciences Acquisition Corporation III,ARYA,20.4,30.9,Announced an Acquisition,
2020-08-06,"Gores Holdings V, Inc.",GRSV,3.4,5.0,Announced an Acquisition,
2020-08-06,Kismet Acquisition One Corporation,KSMT,2.4,3.5,Announced an Acquisition,
2020-08-05,Holicity Inc.,HOL,7.7,11.3,Announced an Acquisition,
2020-08-05,BowX Acquisition Corporation,BOWX,30.5,46.6,Announced an Acquisition,
2020-07-31,NewHold Investment Corporation,NHIC,5.0,7.1,Announced an Acquisition,
2020-07-30,Churchill Capital Corporation IV,CCIV,111.9,187.0,Announced an Acquisition,
2020-07-28,ACE Convergence Acquisition Corporation,ACEV,7.6,10.7,Announced an Acquisition,
2020-07-24,Ascendant Digital Acquisition Corporation,ACND,5.1,7.0,Announced an Acquisition,
2020-07-22,Property Solutions Acquisition Corporation,PSAC,45.2,66.2,Announced an Acquisition,
2020-07-17,Deerfield Healthcare Technology Acquisition Corporation,DFHT,39.3,55.8,Announced an Acquisition,
2020-07-15,D8 Holdings Corporation,DEH,6.7,8.9,Announced an Acquisition,
2020-07-15,Malacca Straits Acquisition Company Limited,MLAC,3.6,4.7,Announced an Acquisition,
2020-07-14,Artius Acquisition Inc.,AACQ,5.5,7.4,Announced an Acquisition,
2020-07-08,Therapeutics Acquisition Corporation,RACA,0.3,0.4,Announced an Acquisition,
2020-06-26,Fusion Acquisition Corporation,FUSE,5.6,7.0,Announced an Acquisition,
2020-06-09,Hudson Executive Investment Corporation,HEC,5.7,6.7,Announced an Acquisition,
2020-05-27,Foley Trasimene Acquisition Corporation,WPF,5.6,6.4,Announced an Acquisition,
2020-05-14,"GigCapital3, Inc.",GIK,3.1,3.3,Announced an Acquisition,
2020-05-14,Jaws Acquisition Corporation,JWS,45.3,49.8,Announced an Acquisition,
2020-05-06,Sustainable Opportunities Acquisition Corporation,SOAC,4.8,5.0,Announced an Acquisition,
2020-04-23,Chardan Healthcare Acquisition 2 Corporation,CHAQ,10.1,10.3,Announced an Acquisition,
2020-02-20,East Stone Acquisition Corporation,ESSC,2.3,2.0,Announced an Acquisition,
2020-02-11,Greenrose Acquisition Corporation,GNRS,7.0,5.9,Announced an Acquisition,
2019-11-26,Alussa Energy Acquisition Corporation,ALUS,9.1,6.5,Announced an Acquisition,
2019-11-19,GreenVision Acquisition Corporation,GRNV,17.2,12.0,Announced an Acquisition,
2019-11-08,"Juniper Industrial Holdings, Inc.",JIH,53.5,34.7,Announced an Acquisition,
2019-11-08,Stable Road Acquisition Corporation,SRAC,25.7,17.2,Announced an Acquisition,
2019-11-07,LGL Systems Acquisition Corporation,DFNS,4.2,2.9,Announced an Acquisition,
2019-11-01,FinServ Acquisition Corporation,FSRV,52.6,33.6,Announced an Acquisition,
2019-11-01,Osprey Technology Acquisition Corporation,SFTW,7.0,4.7,Announced an Acquisition,
2019-10-18,Union Acquisition Corporation II,LATN,7.6,5.0,Announced an Acquisition,
2019-09-17,Apex Technology Acquisition Corporation,APXT,23.3,14.1,Announced an Acquisition,
2019-09-13,Experience Investment Corporation,EXPC,6.2,3.9,Announced an Acquisition,
2019-08-09,"Thunder Bridge Acquisition II, Limited",THBR,9.5,5.5,Announced an Acquisition,
2019-08-08,Silver Spike Acquisition Corporation,SSPK,118.2,58.7,Announced an Acquisition,
2019-07-12,SC Health Corporation,SCPE,6.8,3.8,Announced an Acquisition,
2019-06-27,Churchill Capital Corporation II,CCX,4.8,2.6,Announced an Acquisition,
2019-06-06,"GigCapital2, Inc.",GIX,11.9,6.2,Announced an Acquisition,
2019-05-21,Gx Acquisition Corporation,GXGX,6.7,3.5,Announced an Acquisition,
2019-03-08,Crescent Acquisition Corporation,CRSA,6.7,3.1,Announced an Acquisition,
2019-03-05,Tuscan Holdings Corporation,THCB,35.0,15.2,Announced an Acquisition,
2019-01-29,Andina Acquisition Corporation III,ANDA,12.6,5.5,Announced an Acquisition,
2018-10-24,Alberton Acquisition Corporation,ALAC,17.3,6.6,Announced an Acquisition,
2018-05-29,Trident Acquisition Corporation,TDAC,43.0,13.2,Announced an Acquisition,
2017-12-01,Leisure Acquisition Corporation,LACQ,32.2,8.6,Announced an Acquisition,
2017-11-20,Big Rock Partners Acquisition Corporation,BRPA,316.3,52.0,Announced an Acquisition,