Post-SPAC Ticker Symbol,Post-SPAC Company Name,Merged Company Name (if Different than DeSPAC),SPAC Name / Ticker,Merger Completion Date (Announced),Post-Completion Events,Total Return (from SPAC IPO price),Annualized Return (from SPAC IPO),Current Price ,% Change Prev,Market Cap,Warrant Trading Status,Warrant Link,SPAC IPO Date,SPAC IPO Size (M),SPAC Initial Target Industry,Notable Leadership / Sponsor,SPAC Underwriter(s),Status,Closing Press Release,Merger Partner Leadership,Est. Date Warrants Exercisable,Warrant Exercise Deadline (if Called)
GENI,Genius Sports Limited,,"dMY Technology Group, Inc. II (DMYD)",2021/4/20,,,,,,,Warrants Trading,WARRANT LINK,2020/8/13,$276.00 ,"Mobile Apps, Consumer Internet, Tech",Harry You (Former CFO of Oracle and Accenture; Former Exec VP of EMC; Founder of GTY Tech Holdings),"Goldman Sachs, Needham",Trading,CLOSING PRESS RELEASE,,2021/8/13,
ASTS,AST SpaceMobile,,New Providence Acquisition Corp (NPA),2021/4/6,,-19.90%,-12.35%,$8.01 ,0.00%,"$229,425,000 ",Warrants Trading,WARRANT LINK,2019/9/11,$230.00 ,Consumer Goods,"Gary Smith (Fmr CEO, Big Red; Fmr COO Red Bull)","BTIG, I-Bankers",Trading,CLOSING PRESS RELEASE,,2021/5/6,
INVZ,"Innoviz Technologies, Inc.",,Collective Growth Corp (CGRO),2021/4/5,,-1.00%,-1.03%,$9.90 ,4.54%,"$188,223,742 ",Warrants Trading,WARRANT LINK,2020/5/1,$150.00 ,Cannabis,Peter Cuneo (Former CEO Marvel Comics; Former President of Black & Decker; Former CEO of Remington Products),Cantor,Trading,CLOSING PRESS RELEASE,,2021/5/5,
FOA,Finance of America Companies Inc.,,Replay Acquisition Corp (RPLA),2021/4/1,,0.00%,0.00%,$10.00 ,0.10%,,Warrants Trading,WARRANT LINK,2019/4/3,$287.50 ,"Argentina, Brazil",,"Credit Suisse, BofA Securities",Trading,CLOSING PRESS RELEASE,,2021/5/1,
PSFE,Paysafe Limited,,Foley Trasimene Acquisition Corp. II (BFT),2021/3/30,,27.70%,41.10%,$12.77 ,-0.47%,,Warrants Trading,WARRANT LINK,2020/8/18,"$1,467.00 ",,Bill Foley (Chairman of Fidelity National Financial and Black Knight; Owner of NHL Team: Vegas Golden Knights),"Credit Suisse, BofA Securities",Trading,CLOSING PRESS RELEASE,,2021/8/18,
ARVL,Arrival,,CIIG Merger Corp (CIIC),2021/3/25,,42.50%,31.34%,$14.25 ,9.53%,"$8,638,046,475 ",Warrants Trading,WARRANT LINK,2019/12/13,$258.80 ,"TMT (Tech, Media, Telecom)",Peter Cuneo (Former CEO Marvel Comics; Former President of Black & Decker; Former CEO of Remington Products),"UBS, Barclays",Trading,CLOSING PRESS RELEASE,,2021/4/24,
NVVE,Nuvve Holding Corp,,Newborn Acquisition Corp (NBAC),2021/3/22,,-11.30%,-9.55%,$8.87 ,3.68%,"$66,132,898 ",Warrants Trading,WARRANT LINK,2020/2/14,$58.00 ,Asia (Non-China),,Chardan,Trading,CLOSING PRESS RELEASE,,2021/4/21,
LBPS,4D pharma plc,,Longevity Acquisition Corp. (LOAC),2021/3/22,,27.00%,10.19%,$12.70 ,-3.05%,"$207,263,824 ",Warrants Trading,WARRANT LINK,2018/8/28,$40.00 ,China,,Cantor,Trading,CLOSING PRESS RELEASE,,2021/4/21,
PCT,"PureCycle Technologies, Inc.",,Roth CH Acquisition I Co (ROCH),2021/3/17,,135.90%,141.32%,$23.59 ,1.90%,"$2,791,355,179 ",Warrants Trading,WARRANT LINK,2020/5/5,$76.50 ,"Business Services, Consumer, Healthcare, Tech, Wellness","Byron Roth (CEO, Roth)","Roth Capital Partners, Craig-Hallum Capital Group",Trading,CLOSING PRESS RELEASE,,2021/5/5,
AEVA,"Aeva, Inc.",,Interprivate Acquisition Corp (IPV),2021/3/12,,-7.90%,-6.52%,$9.21 ,3.37%,"$1,943,704,196 ",Warrants Trading,WARRANT LINK,2020/2/4,$241.50 ,,"Ahmed Fattouh (CEO, InterPrivate)","Morgan Stanley, EarlyBirdCapital, Inc.",Trading,CLOSING PRESS RELEASE,,2021/4/11,
OUST,"Ouster, Inc.",,Colonnade Acquisition Corp. (CLA),2021/3/11,,-10.20%,-15.26%,$8.98 ,6.52%,"$1,449,813,742 ",Warrants Trading,WARRANT LINK,2020/8/20,$200.00 ,"Natural Resources, Energy, Real Estate, Agriculture",,BTIG,Trading,CLOSING PRESS RELEASE,,2021/8/20,
VIEW,"View, Inc.",,CF Finance Acquisition Corp II (CFII),2021/3/8,,-33.20%,-51.13%,$6.68 ,-2.91%,"$1,533,595,305 ",Warrants Trading,WARRANT LINK,2020/8/27,$500.00 ,"Financial Services, Health-care, Real Estate Services, Tech, Software","Howard Lutnick (CEO, Cantor)",Cantor,Trading,CLOSING PRESS RELEASE,,2021/8/27,
CHPT,"ChargePoint Holdings, Inc.",,Switchback Energy Acquisition Corp (SBE),2021/2/26,,100.20%,57.50%,$20.02 ,-0.89%,"$5,560,921,493 ",Warrants Trading,WARRANT LINK,2019/7/25,$300.00 ,Energy,"Ray Kubis (Chairman, Gridtential)","Goldman Sachs, Citigroup",Trading,CLOSING PRESS RELEASE,,2021/3/28,
BFLY,"Butterfly Network, Inc.",,Longview Acquisition Corp. (LGVW),2021/2/16,,37.40%,40.75%,$13.74 ,4.25%,"$2,628,314,938 ",Warrants Trading,WARRANT LINK,2020/5/21,$414.00 ,Healthcare,"Larry Robbins (Founder/CEO, Glenview)","UBS, Cowen",Trading,CLOSING PRESS RELEASE,,2021/5/21,
NUVB,Nuvation Bio Inc.,,Panacea Acquisition (PANA),2021/2/10,,3.70%,4.59%,$10.37 ,1.27%,"$2,257,030,475 ",Warrants Trading,WARRANT LINK,2020/7/1,$143.80 ,"Biotech, Healthcare",,Cowen,Trading,CLOSING PRESS RELEASE,,2021/7/1,
PLBY,"PLBY Group, Inc.",Playboy Enterprises Inc.,Mountain Crest Acquisition Corp (MCAC),2021/2/10,,334.00%,380.97%,$43.40 ,21.40%,"$1,458,089,873 ",Warrants Trading,WARRANT LINK,2020/6/5,$58.60 ,,,Chardan,Trading,CLOSING PRESS RELEASE,,2021/6/5,
MILE,"Metromile, Inc.",,INSU Acquisition Corp. II (INAQ),2021/2/9,,-16.40%,-25.91%,$8.36 ,10.43%,"$1,062,101,019 ",Warrants Trading,WARRANT LINK,2020/9/2,$230.00 ,"Insurance, InsureTech",Cohen & Company ,Cantor,Trading,CLOSING PRESS RELEASE,,2021/9/2,
GMTX,"Gemini Therapeutics, Inc.",,FS Development Corp. (FSDC),2021/2/5,,6.80%,9.85%,$10.68 ,-1.48%,"$459,655,657 ",Warrants Trading,WARRANT LINK,2020/8/12,$105.00 ,"BioTech, Healthcare","Dr. Jim Tananbaum (Founder, Foresite Capital)",Jefferies,Trading,CLOSING PRESS RELEASE,,2021/8/12,
ETWO,"E2open Parent Holdings, Inc.",,CC Neuberger Principal Holdings I (PCPL),2021/2/5,,-2.90%,-2.92%,$9.71 ,1.15%,"$2,273,890,721 ",Warrants Trading,WARRANT LINK,2020/4/24,$414.00 ,"Finance, Tech","Chinh Chu (Founder/Managing Partner, CC Capital; Former Managing Director at Blackstone)","Goldman Sachs, BofA Securities, UBS",Trading,CLOSING PRESS RELEASE,,2021/4/24,
ADN,"Advent Technologies Holdings, Inc.",,AMCI Acquisition Corp (AMCI),2021/2/4,,11.30%,4.64%,$11.13 ,-3.80%,"$512,951,583 ",Warrants Trading,WARRANT LINK,2018/11/15,$220.50 ,"Natural Resources, Mining",,"Jefferies, UBS",Trading,CLOSING PRESS RELEASE,,2021/3/6,
APPH,"AppHarvest, Inc.",,Novus Capital Corp (NOVS),2021/2/1,,27.90%,29.86%,$12.79 ,1.43%,"$1,252,457,420 ",Warrants Trading,WARRANT LINK,2020/5/15,$100.00 ,"Smart Tech, 5G communication, VR, AI, Cloud, Machine Learning","Robert Laikin (Founder of L7 Investments and Chairman of Washington Prime Group), Larry Paulson (Former VP of Product Mgmt of Qualcomm)","EarlyBirdCapital, I-Bankers",Trading,CLOSING PRESS RELEASE,,2021/5/15,
UWMC,UWM Holdings Corporation,"United Wholesale Mortgage, LLC","Gores Holdings IV, Inc (GHIV)",2021/1/21,,-25.30%,-20.39%,$7.47 ,3.46%,"$16,581,447,337 ",Warrants Trading,WARRANT LINK,2020/1/24,$425.00 ,"Industrials, Tech, Telecom, Media and Entertainment, Business Services, Healthcare and Consumer",Alec Gores (Founder of The Gores Group,"Deutsche Bank, Morgan Stanley",Trading,CLOSING PRESS RELEASE,,2021/2/20,
LOTZ,"CarLotz, Inc.",,Acamar Partners Acquisition Corp (ACAM),2021/1/21,,-31.00%,-14.32%,$6.90 ,5.05%,"$783,129,481 ",Warrants Trading,WARRANT LINK,2019/2/21,$300.00 ,Consumer and Retail,"Charles Bernicker (CEO, South Mountain Merger Corp & Former CFO, CardConnect)","Goldman Sachs, Deutsche Bank",Trading,CLOSING PRESS RELEASE,,2021/2/20,
HIMS,"Hims & Hers Health, Inc.",,Oaktree Acquisition Corp (OAC),2021/1/20,,11.80%,6.69%,$11.18 ,13.16%,"$2,045,647,139 ",Warrants Trading,WARRANT LINK,2019/7/17,$201.30 ,"Industrial, Consumer",,"Credit Suisse, Deutsche Bank",Trading,CLOSING PRESS RELEASE,,2021/2/19,
BTRS,BTRS Holdings Inc.,Billtrust,South Mountain Merger Corp (SMMC),2021/1/12,,46.00%,24.99%,$14.60 ,2.21%,"$2,283,876,599 ",Warrants Trading,WARRANT LINK,2019/6/19,$250.00 ,Fintech,"Charles Bernicker (CEO, South Mountain Merger Corp & Former CFO, CardConnect)",Citigroup,Trading,CLOSING PRESS RELEASE,,2021/2/11,
CLOV,"Clover Health Investments, Corp.",,Social Capital Hedosophia Holdings Corp. III (IPOC),2021/1/7,,-11.60%,-11.63%,$8.84 ,2.56%,"$3,608,037,447 ",Warrants Trading,WARRANT LINK,2020/4/22,$828.00 ,"Tech, Non-US","Chamath Palihapitiya (Managing Partner, Social Capital), Ian Osborne (Co-founder/CEO, Hedosophia)",Credit Suisse,Trading,CLOSING PRESS RELEASE,,2021/4/22,
LSEA,Landsea Homes Corporation,,LF Capital Acquisition Corp (LFAC),2021/1/7,,-8.20%,-2.89%,$9.18 ,-0.16%,"$428,792,692 ",Warrants Trading,WARRANT LINK,2018/6/20,$155.30 ,"Fintech, Commercial Banking",,"B. Riley FBR, Raymond James",Trading,CLOSING PRESS RELEASE,,2021/2/6,
BMTX,"BM Technologies, Inc.","BankMobile Technologies, Inc.",Megalith Financial Acquisition Corp (MFAC),2021/1/5,,3.50%,1.31%,$10.35 ,3.40%,"$124,694,285 ",Warrants Trading,WARRANT LINK,2018/8/23,$150.00 ,"Fintech, Financial Services",Chad Hurley (Founder and Former CEO of YouTube),"Chardan, BTIG",Trading,CLOSING PRESS RELEASE,,2021/2/4,
CLNN,"Clene Nanomedicine, Inc.",,Tottenham Acquisition I (TOTA),2020/12/30,,10.40%,3.82%,$11.04 ,1.38%,"$657,168,914 ",Warrants Trading,WARRANT LINK,2018/8/1,$46.00 ,"Asia Ops (Focus on China), TMT (Technology, Media, Telecom), education, e-commerce, Health-care, Consumer",,"Chardan, I-Bankers",Trading,CLOSING PRESS RELEASE,,2021/1/29,
RMO,"Romeo Power, Inc.","Romeo Systems, Inc.",RMG Acquisition Corp (RMG),2020/12/29,,-23.90%,-10.85%,$7.61 ,5.62%,"$997,363,782 ",,,2019/2/7,$200.00 ,"Diversified Resources, Industrial Materials",,"Deutsche Bank, Stifel",Trading,CLOSING PRESS RELEASE,,,2021/4/5
DNMR,"Danimer Scientific, Inc.",,Live Oak Acquisition Corp. (LOAK),2020/12/29,,149.00%,155.39%,$24.90 ,2.77%,"$2,199,360,692 ",Warrants Trading,WARRANT LINK,2020/5/6,$253.00 ,"Financial Services, Industrials, Business Services, and Real Estate",,"Jefferies, BMO",Trading,CLOSING PRESS RELEASE,,2021/5/6,
GNOG,"Golden Nugget Online Gaming, Inc.",,"Landcadia Holdings II, Inc (LCA)",2020/12/29,,38.20%,19.50%,$13.82 ,1.84%,"$1,076,815,265 ",,,2019/5/7,$316.30 ,"Consumer, Dining, Hospitality, Entertainment, Gaming, Tech","Tilman Fertitta (Houston Rockets owner, CEO of Landry's)",Jefferies,Trading,CLOSING PRESS RELEASE,,,2021/3/8
RSI,"Rush Street Interactive, Inc.",,dMY Technology Group Inc (DMYT),2020/12/29,,27.60%,23.70%,$12.76 ,0.71%,"$2,702,958,177 ",,,2020/2/21,$230.00 ,"Mobile Apps, Consumer Internet, Tech",Harry You (Former CFO of Oracle and Accenture; Former Exec VP of EMC; Founder of GTY Tech Holdings),"Goldman Sachs, UBS",Trading,CLOSING PRESS RELEASE,,,2021/3/24
VINC,"Vincera Pharma, Inc.",,LifeSci Acquisition Corp (LSAC),2020/12/23,,63.10%,56.04%,$16.31 ,-0.73%,"$239,690,284 ",Warrants Trading,WARRANT LINK,2020/3/6,$65.60 ,Healthcare,,Chardan,Trading,CLOSING PRESS RELEASE,,2021/3/6,
PRCH,"Porch Group, Inc.","Porch.com, Inc.",PropTech Acquisition Corp (PTAC),2020/12/23,,24.10%,17.01%,$12.41 ,2.27%,"$1,109,199,129 ",,,2019/11/21,$172.50 ,PropTech ,,Cantor,Trading,CLOSING PRESS RELEASE,,,2021/4/16
ARKO,ARKO Corp,"ARKO Holdings Ltd., GPM Investments, LLC",Haymaker Acquisition Corp. II (HYAC),2020/12/22,,1.50%,0.80%,$10.15 ,1.75%,"$1,263,564,275 ",Warrants Trading,WARRANT LINK,2019/6/7,$400.00 ,Consumer,"Steven Heyer (Former CEO of Starwood Hotels; Fmr COO, Coca-Cola Company)",Cantor,Trading,CLOSING PRESS RELEASE,,2021/1/21,
ASLE,AerSale Corporation,,Monocle Acquisition Corp (MNCL),2020/12/22,,17.40%,7.89%,$11.74 ,-4.24%,"$481,882,496 ",Warrants Trading,WARRANT LINK,2019/2/6,$172.50 ,"Aerospace, Defense, Industrial",,"Cowen, Chardan",Trading,CLOSING PRESS RELEASE,,2021/1/21,
XL,XL Fleet Corp,,Pivotal Investment Corporation II (PIC),2020/12/22,,-34.20%,-19.20%,$6.58 ,8.05%,"$915,315,495 ",,,2019/7/11,$230.00 ,"Tech, LogTech, Last Mile Delivery, Cyber Security, Media, Entertainment","Jon Ledecky (co-owner, New York Islanders), Katrina Adams (Chairman, US Open and Former Pro Tennis Player), Efrat Epstein (Managing Partner of Sound Ventures) ","Cantor, BTIG",Trading,CLOSING PRESS RELEASE,,,2021/3/1
GOEV,Canoo Holdings,,Hennessy Capital Acquisition Corp IV (HCAC),2020/12/21,,-20.90%,-9.76%,$7.91 ,3.38%,"$1,877,993,520 ",Warrants Trading,WARRANT LINK,2019/3/1,$300.20 ,Industrials,Daniel Hennessy,"Nomura, Stifel",Trading,CLOSING PRESS RELEASE,,2021/1/20,
OPEN,Opendoor Technologies Inc.,Opendoor Labs Inc.,Social Capital Hedosophia Hldgs II Corp (IPOB),2020/12/18,,83.50%,85.13%,$18.35 ,11.53%,"$10,583,467,517 ",Warrants Trading,WARRANT LINK,2020/4/28,$414.00 ,"Tech, United States","Chamath Palihapitiya (Managing Partner, Social Capital), Ian Osborne (Co-founder/CEO, Hedosophia)",Credit Suisse,Trading,CLOSING PRESS RELEASE,,2021/4/28,
CLVR,"Clever Leaves Holdings, Inc.",,Schultze Special Purpose Acquisition Corp (SAMA),2020/12/18,,4.90%,2.07%,$10.49 ,3.86%,"$261,497,336 ",Warrants Trading,WARRANT LINK,2018/12/10,$130.00 ,Restructured Companies,,"EarlyBirdCapital, BTIG",Trading,CLOSING PRESS RELEASE,,2021/1/17,
BFI,BurgerFi International,,Opes Acquisition Corp (OPES),2020/12/17,,26.70%,8.59%,$12.67 ,1.60%,"$220,988,367 ",Warrants Trading,WARRANT LINK,2018/3/13,$100.00 ,Mexico,,"EarlyBirdCapital, Chardan",Trading,CLOSING PRESS RELEASE,,2021/1/16,
SKLZ,Skillz,,Flying Eagle Acquisition Corp (FEAC),2020/12/16,,61.70%,54.79%,$16.17 ,28.84%,"$6,389,879,020 ",Warrants Trading,WARRANT LINK,2020/3/6,$690.00 ,,"Jeff Sagansky, Harry Sloan (Former CEO of MGM)","Goldman Sachs, Deutsche Bank",Trading,CLOSING PRESS RELEASE,,2021/3/6,
RVPH,"Reviva Pharmaceuticals Holdings, Inc.",,Tenzing Acquisition Corp (TZAC),2020/12/14,,-58.60%,-21.94%,$4.14 ,2.14%,"$38,188,919 ",Warrants Trading,WARRANT LINK,2018/8/20,$55.00 ,India,,Maxim,Trading,CLOSING PRESS RELEASE,,2021/1/13,
DM,Desktop Metal Inc.,,Trine Acquisition Corp (TRNE),2020/12/10,,24.30%,10.95%,$12.43 ,9.80%,"$2,750,048,000 ",,,2019/2/1,$261.00 ,"Media, Communications",Leo Hindery (Managing Partner of InterMedia Partners; Former CEO of AT&T Broadband; Former CEO of TCI),"BTIG, Cantor",Trading,CLOSING PRESS RELEASE,,,2021/3/29
HTOO,Fusion Fuel Green PLC,,HL Acquisitions Corp (HCCH),2020/12/10,,17.00%,6.06%,$11.70 ,3.36%,"$148,855,821 ",Warrants Trading,WARRANT LINK,2018/7/2,$55.00 ,"Energy, Hydrocarbon Logistics and Processing ",,EarlyBirdCapital,Trading,CLOSING PRESS RELEASE,,2021/1/9,
LAZR,"Luminar Technologies, Inc.",,"Gores Metropoulos, Inc (GMHI)",2020/12/2,,84.40%,38.03%,$18.44 ,12.23%,"$6,284,294,600 ",,,2019/2/1,$400.00 ,Consumer Products and Services,Alec Gores (Founder of The Gores Group),"Deutsche Bank, Credit Suisse",Trading,CLOSING PRESS RELEASE,Austin Russell,,2021/3/16
QS,QuantumScape,,Kensington Acquisition Corp (KCAC),2020/11/27,,226.30%,276.25%,$32.63 ,5.55%,"$12,250,165,593 ",Warrants Trading,WARRANT LINK,2020/6/26,$230.00 ,Automotive,"Justin Mirro (Former Chairman, Pure Power), Thomas LaSorda (Former CEO, Chrysler), Matthew Simoncini (Former CEO, Lear)","UBS, Stifel",Trading,CLOSING PRESS RELEASE,Jagdeep Singh,2021/3/5,
ID,"PARTS iD, Inc.",Onyx Enterprises Int¡¯l Corp. (d/b/a CARiD.com),Legacy Acquisition Corp (LGC),2020/11/20,,-26.30%,-7.67%,$7.37 ,4.24%,"$244,216,856 ",,,2017/11/17,$300.00 ,Consumer Goods,,"Wells Fargo Securities, Cantor & Co., Stifel",Trading,CLOSING PRESS RELEASE,,,
UK,Ucommune International Ltd,,Orisun Acquisition Corp (ORSN),2020/11/18,,-76.40%,-44.40%,$2.36 ,3.06%,"$201,520,697 ",Warrants Trading,WARRANT LINK,2019/8/2,$40.00 ,Tech,,Chardan,Trading,CLOSING PRESS RELEASE,,2020/12/18,
MP,MP Materials Corp.,,Fortress Value Acquisition Corp (FVAC),2020/11/17,,185.40%,190.09%,$28.54 ,3.93%,"$4,872,871,238 ",Warrants Trading,WARRANT LINK,2020/4/30,$345.00 ,,Fortress,"Deutsche Bank, Morgan Stanley",Trading,CLOSING PRESS RELEASE,,2021/4/30,
GCMG,GCM Grosvenor Inc.,,CF Finance Acquisition Corp (CFFA),2020/11/17,,16.70%,7.09%,$11.67 ,0.69%,"$2,177,040,848 ",Warrants Trading,WARRANT LINK,2018/12/13,$250.00 ,"Finance, Real Estate, Insurance, Fintech","Howard Lutnick (CEO, Cantor)",Cantor,Trading,CLOSING PRESS RELEASE,,2020/12/17,
EOSE,"Eos Energy Enterprises, Inc.","Eos Energy Storage, LLC",B Riley Principal Merger II Corp (BMRG),2020/11/16,,30.60%,33.24%,$13.06 ,2.59%,"$676,524,477 ",Warrants Trading,WARRANT LINK,2020/5/20,$176.80 ,,B. Riley Financial,B. Riley FBR,Trading,CLOSING PRESS RELEASE,,2021/5/20,
TRIT,"Triterras, Inc.",Triterras Fintech Pte. Ltd.,Netfin Acquisition Corp (NFIN),2020/11/10,,-24.20%,-14.02%,$7.58 ,4.55%,"$628,960,696 ",Warrants Trading,WARRANT LINK,2019/7/31,$253.00 ,Fintech,,B. Riley FBR,Trading,CLOSING PRESS RELEASE,,2020/12/10,
ATNF,180 Life Sciences Corp.,,KBL Merger Corp IV (KBLM),2020/11/9,,-12.40%,-3.19%,$8.76 ,8.42%,"$211,232,425 ",Warrants Trading,WARRANT LINK,2017/6/1,$100.00 ,Healthcare,,"Ladenburg Thalmann, B. Riley FBR",Trading,CLOSING PRESS RELEASE,,2020/12/9,
TLMD,"SOC Telemed, Inc.",,Healthcare Merger Corp. (HCCO),2020/10/30,,-34.90%,-25.68%,$6.51 ,0.31%,"$499,794,656 ",Warrants Trading,WARRANT LINK,2019/12/12,$250.00 ,Healthcare,,Cantor,Trading,CLOSING PRESS RELEASE,,2020/12/11,
FSR,Fisker Inc.,,Spartan Energy Acquisition Corp (SPAQ),2020/10/28,,41.30%,15.29%,$14.13 ,9.37%,"$4,098,577,506 ",,,2018/8/9,$552.00 ,Energy,"Apollo Global Management, Inc.","Citigroup, Credit Suisse",Trading,CLOSING PRESS RELEASE,Henry Fisker,,2021/4/19
ADV,Advantage Solutions Inc,,Conyers Park II Acquisition Corp. (CPAA),2020/10/28,,25.70%,14.57%,$12.57 ,0.00%,"$4,002,915,145 ",Warrants Trading,WARRANT LINK,2019/7/17,$402.50 ,Consumer,"Centerview Capital, James Kilts (Partner, Centerview Capital Consumer; Former CEO of Gillette; Former CEO of Nabisco; Former Pres. of Kraft USA)","Deutsche Bank, Goldman Sachs",Trading,CLOSING PRESS RELEASE,,2020/11/27,
CERE,Cerevel Therapeutics,,ARYA Sciences Acquisition Corp II (ARYB),2020/10/26,,35.80%,40.83%,$13.58 ,-6.28%,"$1,727,151,565 ",Warrants Trading,WARRANT LINK,2020/6/5,$149.50 ,Healthcare,Perceptive Advisors,"Jefferies, Goldman Sachs",Trading,CLOSING PRESS RELEASE,,2021/6/5,
RIDE,Lordstown Motors Corp.,,DiamondPeak Holdings Corp. (DPHC),2020/10/23,,-5.20%,-2.42%,$9.48 ,2.99%,"$1,673,088,934 ",Warrants Trading,WARRANT LINK,2019/2/28,$280.00 ,Real Estate,,Deutsche Bank,Trading,CLOSING PRESS RELEASE,Steve Burns,2020/11/22,
PAYA,Paya Holdings Inc.,,FinTech Acquisition Corp III (FTAC),2020/10/16,,8.80%,3.62%,$10.88 ,1.48%,"$1,269,550,980 ",Warrants Trading,WARRANT LINK,2018/11/16,$345.00 ,Fintech,"Betsy Cohen (Founder/Fmr CEO Bancorp), Daniel Cohen",Cantor,Trading,CLOSING PRESS RELEASE,,2020/11/15,
TTCF,"Tattooed Chef, Inc",Ittella International,Forum Merger II Corporation (FMCI),2020/10/15,,62.90%,23.14%,$16.29 ,1.24%,"$1,326,009,006 ",,,2018/8/3,$200.00 ,,Marshall Kiev and David Boris (Forum I & II),"Jefferies, EarlyBirdCapital",Trading,CLOSING PRESS RELEASE,,,2021/2/16
CURI,CuriosityStream Inc.,,Software Acquisition Group Inc (SAQN),2020/10/14,,29.10%,20.47%,$12.91 ,3.86%,"$684,700,295 ",Warrants Trading,WARRANT LINK,2019/11/19,$149.50 ,"Software, Tech",,B. Riley FBR,Trading,CLOSING PRESS RELEASE,,2020/11/18,
SFT,Shift Technologies,,Insurance Acquisition Corp. (INSU),2020/10/13,,-29.10%,-13.92%,$7.09 ,2.02%,"$596,186,343 ",Warrants Trading,WARRANT LINK,2019/3/20,$150.65 ,Insurance,Cohen & Company ,Cantor,Trading,CLOSING PRESS RELEASE,,2020/11/12,
MPLN,MultiPlan Corporation,,Churchill Capital III Corp (CCXX),2020/10/8,,-35.60%,-30.08%,$6.44 ,3.62%,"$4,307,869,954 ",Warrants Trading,WARRANT LINK,2020/2/14,"$1,100.00 ",,Michael Klein (Former Co-CEO of Citi Markets and Banking),"Citigroup, Goldman Sachs",Trading,CLOSING PRESS RELEASE,,2021/2/13,
HYLN,Hyliion,,Tortoise Acquisition Corp (SHLL),2020/10/1,,-15.30%,-7.12%,$8.47 ,2.42%,"$1,442,060,742 ",,,2019/2/27,$233.00 ,Energy,Vincent T. Cubbage (Tortoise Capital Advisors),"Barclays, Goldman Sachs",Trading,CLOSING PRESS RELEASE,Thomas Healy,,2020/12/30
EQOS,Diginex Limited,,8I Enterprises Acquisition Corp (JFK),2020/10/1,,-36.90%,-12.90%,$6.31 ,11.09%,"$235,472,728 ",,,2018/6/12,$50.00 ,Tech,,Chardan,Trading,CLOSING PRESS RELEASE,,,2021/3/26
VLDR,"Velodyne Lidar, Inc",,Graf Industrial Corp (GRAF),2020/9/29,,45.10%,15.77%,$14.51 ,5.74%,"$2,731,902,895 ",Warrants Trading,WARRANT LINK,2018/6/12,$243.77 ,Industrial,James Graf,"EarlyBirdCapital, Oppenheimer",Trading,CLOSING PRESS RELEASE,,2020/10/29,
GB,Global Blue Group,,Far Point Acquisition Corp (FPAC),2020/8/28,,11.70%,4.09%,$11.17 ,-0.62%,"$2,094,764,847 ",Warrants Trading,WARRANT LINK,2018/6/12,$632.50 ,"Fintech, Tech, Financial Services","Dan Loeb (Founder, Third Point), Thomas W. Farley (Ex-Intercontinental Exchange)","Credit Suisse, BofA Merrill Lynch",Trading,CLOSING PRESS RELEASE,,2020/9/27,
UTZ,"Utz Brands, Inc","Utz Quality Foods, LLC",Collier Creek Holdings (CCH),2020/8/28,,162.70%,63.92%,$26.27 ,6.88%,"$2,323,784,824 ",Warrants Trading,WARRANT LINK,2018/10/5,$440.00 ,Consumer Goods,Chinh Chu (Former Managing Director at Blackstone),"Citigroup, Credit Suisse, BofA Merrill Lynch",Trading,CLOSING PRESS RELEASE,,2020/9/27,
HPK,"HighPeak Energy, Inc.",,Pure Acquisition Corp (PACQ),2020/8/24,,-25.00%,-7.84%,$7.50 ,0.00%,"$695,069,175 ",Warrants Trading,WARRANT LINK,2018/2/12,$414.00 ,"Oil and Gas, Energy",,"Oppenheimer, EarlyBirdCapital",Trading,CLOSING PRESS RELEASE,,2020/9/23,
DMS,"Digital Media Solutions, Inc.",,Leo Holdings Corp. (LHC),2020/7/15,,9.50%,2.98%,$10.95 ,0.83%,"$653,562,345 ",Warrants Trading,WARRANT LINK,2018/2/12,$200.00 ,,"Lyndon Lea (Founder, Lion Capital), Robert Bensoussan (Former CEO, Jimmy Choo), Lori Bush (Former CEO, Rodan + Fields)",Citigroup,Trading,CLOSING PRESS RELEASE,,2020/8/14,
IMTX,Immatics N.V.,Immatics Biotechnologies GmbH,ARYA Sciences Acquisition Corp (ARYA),2020/7/1,,22.20%,8.71%,$12.22 ,1.83%,"$768,743,230 ",Warrants Trading,WARRANT LINK,2018/10/4,$143.75 ,Healthcare,Perceptive Advisors,"Jefferies, Chardan",Trading,CLOSING PRESS RELEASE,,2020/7/31,
HOFV,Hall of Fame Resort & Entertainment Company,,Gordon Pointe Acquisition Corp. (GPAQ),2020/7/1,,-67.00%,-20.69%,$3.30 ,6.11%,"$311,933,168 ",Warrants Trading,WARRANT LINK,2018/1/25,$125.00 ,FinTech,James Dolan,B. Riley FBR,Trading,CLOSING PRESS RELEASE,,2020/7/31,
FREE,Whole Earth Brands Inc,"Merisant Company, MAFCO Worldwide (Subsidiaries of Flavors Holdings Inc.)",Act II Global Acquisition Corp (ACTT),2020/6/25,,30.50%,15.31%,$13.05 ,-1.02%,"$501,275,782 ",Warrants Trading,WARRANT LINK,2019/4/25,$300.00 ,"Consumer packaged goods, Hospitality, Restaurants, Health and Wellness","Irwin Simon (Founder, Hain Celestial Group; Former Chairman, Aphria Inc)","JP Morgan, Cantor Fitzgerald",Trading,CLOSING PRESS RELEASE,,2020/7/25,
LGHL,Lion Group Holding Ltd,Lion Financial Group,Proficient Alpha Acquisition Corp (PAAC),2020/6/18,,-76.00%,-40.03%,$2.40 ,3.01%,"$88,887,511 ",Warrants Trading,WARRANT LINK,2019/5/29,$115.00 ,"China, Financial Services",,"I-Bankers, EarlyBirdCapital",Trading,CLOSING PRESS RELEASE,,2020/7/18,
LPRO,Open Lending Corp.,,Nebula Acquisition Corporation (NEBU),2020/6/10,,268.10%,81.68%,$36.81 ,3.38%,"$4,644,434,030 ",,,2018/1/9,$250.00 ,Tech,True Wind Capital,"Deutsche Bank, Goldman Sachs",Trading,CLOSING PRESS RELEASE,,,2020/9/8
NKLA,Nikola Corporation,,VectoIQ Acquisition Corp (VTIQ),2020/6/3,,0.40%,0.14%,$10.04 ,3.99%,"$3,933,177,046 ",,,2018/5/15,$230.00 ,,"Stephen Girsky (CEO VectoIQ; Former Vice Chairman, General Motors)","Cowen, Chardan",Trading,CLOSING PRESS RELEASE,Trevor Milton (Chairman upon Merger),,2020/8/21
HYMC,Hycroft Mining Holding Corporation,,Mudrick Capital Acquisition Corporation (MUDS),2020/5/29,,-62.90%,-19.64%,$3.71 ,6.92%,"$222,832,800 ",Warrants Trading,WARRANT LINK,2018/2/7,$200.00 ,Post-Restructured companies,,Cantor,Trading,CLOSING PRESS RELEASE,,2020/6/28,
SJ,Scienjoy Holding Corp,,Wealthbridge Acquisition Limited (HHHH),2020/5/7,,-3.80%,-1.72%,$9.62 ,7.79%,"$259,955,881 ",,,2019/2/6,$50.00 ,"Air Transportation, China",,Chardan,Trading,CLOSING PRESS RELEASE,,,
DKNG,DraftKings Inc,,Diamond Eagle Acquisition Corp (DEAC),2020/4/23,,478.60%,245.35%,$57.86 ,3.86%,"$23,011,205,756 ",,,2019/5/10,$400.00 ,"Online Casino, Sports Betting","Jeff Sagansky, Harry Sloan (Former CEO of MGM)","Deutsche Bank, Goldman Sachs",Trading,CLOSING PRESS RELEASE,Jason Robbins,,2020/6/6
AVCT,American Virtual Cloud Technologies,"Stratos Management Systems, Inc. ",Pensare Acquisition Corp. (WRLS),2020/4/17,,-30.70%,-8.22%,$6.93 ,1.46%,"$136,691,176 ",Warrants Trading,WARRANT LINK,2017/7/27,$310.50 ,Telecom,,EarlyBirdCapital,Trading,CLOSING PRESS RELEASE,,2020/5/17,
IGIC,International General Insuranc Hldgs Ltd,International General Insurance Holdings Ltd,Tiberius Acquisition Corporation (TIBR),2020/3/17,,-24.30%,-7.83%,$7.57 ,1.59%,"$368,969,394 ",Warrants Trading,WARRANT LINK,2018/3/15,$150.00 ,,,"Cantor, Dowling and Partners",Trading,CLOSING PRESS RELEASE,,2020/4/16,
BWMX,Betterware De Mexico,,DD3 Acquisition Corp. (DDMX),2020/3/13,,304.50%,120.41%,$40.45 ,-0.15%,"$1,393,543,785 ",,,2018/10/11,$50.00 ,Mexico,,EarlyBirdCapital,Trading,CLOSING PRESS RELEASE,,,2020/11/9
GDYN,"Grid Dynamics Holdings, Inc",,ChaSerg Technology Acquisition Corp. (CTAC),2020/3/5,,45.40%,17.82%,$14.54 ,4.79%,"$782,021,945 ",Warrants Trading,WARRANT LINK,2018/10/4,$200.00 ,Tech,,Cantor,Trading,CLOSING PRESS RELEASE,,2020/4/4,
METX,Meten EdtechX Education Group,Meten Education,EdTechx Holdings Acquisition Corp (EDTX),2020/3/30,,-82.00%,-32.22%,$1.80 ,4.05%,"$94,861,253 ",Warrants Trading,WARRANT LINK,2018/10/5,$55.00 ,EdTech,,"Chardan, I-Bankers",Trading,CLOSING PRESS RELEASE,,2020/4/29,
ATCX,Atlas Technical Consultants,Atlas Intermediate Holdings,Boxwood Merger Corp (BWMC),2020/2/14,,-10.40%,-4.27%,$8.96 ,-0.22%,"$316,112,474 ",,,2018/11/15,$200.00 ,"Technical Services, Industrial Services","Steve Kadenacy (Former COO, AECOM)","BofA Merrill Lynch, Morgan Stanley, Macquarie Capital",Trading,CLOSING PRESS RELEASE,,,
ALTG,Alta Equipment Group Inc,,B. Riley Principal Merger Corp (BRPM),2020/2/14,,30.70%,15.08%,$13.07 ,3.08%,"$392,341,785 ",Warrants Trading,WARRANT LINK,2019/4/9,$143.80 ,,Kenneth Young (President of B. Riley Financial),B. Riley FBR,Trading,CLOSING PRESS RELEASE,,2020/4/8,
GSMG,Glory Star New Media Group,,TKK Symphony Acquisition Corporation (TKKS),2020/2/15,,-60.50%,-22.56%,$3.95 ,-1.50%,"$261,015,805 ",Warrants Trading,WARRANT LINK,2018/8/16,$220.00 ,"Consumer Products, China",,EarlyBirdCapital,Trading,CLOSING PRESS RELEASE,,2020/3/16,
PAE,PAE Inc,PAE (Platinum Equity Portfolio Company),Gores Holdings III (GRSH),2020/2/10,,-20.50%,-7.81%,$7.95 ,1.34%,"$739,439,735 ",Warrants Trading,WARRANT LINK,2018/9/6,$375.00 ,,Gores Group,Deutsche Bank,Trading,CLOSING PRESS RELEASE,,2020/3/11,
VRT,Vertiv Holdings Co,Veritiv Holdings (Platinum Equity Portfolio Company),GS Acquisition Holdings Corp (GSAH),2020/2/10,,118.60%,41.31%,$21.86 ,0.37%,"$7,682,493,916 ",,,2018/6/8,$600.00 ,,"Goldman Sachs, David Cote (Former CEO, Honeywell)",Goldman Sachs,Trading,CLOSING PRESS RELEASE,,,2021/1/18
VVNT,Vivint Smart Home,,Mosaic Acquisition Corp. (MOSC),2020/1/17,,27.10%,7.79%,$12.71 ,2.33%,"$2,580,666,369 ",,,2017/10/29,$345.00 ,,Fortress,"Deutsche Bank, RBC Capital Markets, JP Morgan",Trading,CLOSING PRESS RELEASE,,,2021/1/7
KLDI,KLDiscovery Inc,,Pivotal Acquisition Corp. (PVT),2019/12/20,,-15.00%,-6.46%,$8.50 ,0.00%,"$361,496,600 ",Warrants Trading,WARRANT LINK,2018/12/26,$200.00 ,"LogTech, Cyber Security","Jon Ledecky (co-owner, New York Islanders), Katrina Adams (Chairman, US Open and Former Pro Tennis Player), Efrat Epstein (Managing Partner of Sound Ventures) ",Cantor,Trading,CLOSING PRESS RELEASE,,2020/1/19,
BROG,Brooge Holdings Limited,Brooge Holdings and Brooge Petroleum and Gas Investment Company,Twelve Seas Investment Corp. (TWLV),2019/12/20,,-9.00%,-3.17%,$9.10 ,-7.61%,"$997,249,021 ",Warrants Trading,WARRANT LINK,2018/6/20,$180.00 ,Pan-Eurasia,,EarlyBirdCapital,Trading,CLOSING PRESS RELEASE,,2020/1/19,
IMVT,Immunovant Inc.,Immunovant Sciences Ltd.,Health Sciences Acquisition (HSAC),2019/12/19,,54.70%,28.00%,$15.47 ,0.91%,"$1,516,594,595 ",,,2019/5/9,$100.00 ,"Biopharma, MedTech, Healthcare",RTW Investments,"Chardan, UBS",Trading,CLOSING PRESS RELEASE,,,
NFH,New Frontier Health,United Family Healthcare,New Frontier Corporation (NFC),2019/12/19,,11.40%,4.05%,$11.14 ,-0.80%,"$1,595,939,118 ",Warrants Trading,WARRANT LINK,2018/6/28,$250.00 ,"Healthcare, Tech, Education",,"Credit Suisse, UBS",Trading,CLOSING PRESS RELEASE,,2020/1/18,
KLR,"Kaleyra, Inc.",,"Gig Capital, Inc (GIG)",2019/11/25,,43.10%,12.79%,$14.31 ,5.24%,"$445,822,386 ",Warrants Trading,WARRANT LINK,2017/12/8,$125.00 ,"Tech, Media, Telecom",Avi Katz (Tech entrepreneur),Cowen & Company,Trading,CLOSING PRESS RELEASE,,2019/12/25,
ACEL,Accel Entertainment Inc,,TPG Pace Holdings Corp (TPGH),2019/11/20,,19.70%,5.16%,$11.97 ,0.63%,"$1,117,752,280 ",,,2017/6/27,$450.00 ,,"TPG, Karl Peterson (Hotwire Founder)","Deutsche Bank, Goldman Sachs, JP Morgan",Trading,CLOSING PRESS RELEASE,,,2020/7/16
BRMK,Broadmark Realty Capital Inc.,,Trinity Merger Corp. (TMCX),2019/11/14,,6.60%,2.25%,$10.66 ,0.28%,"$1,413,085,315 ",Warrants Trading,WARRANT LINK,2018/5/14,$300.00 ,Real Estate,Trinity Investments,B. Riley FBR,Trading,CLOSING PRESS RELEASE,,2019/12/14,
AHCO,AdaptHealth,,DFB Healthcare Acquisitions (DFBH),2019/11/8,,190.50%,59.94%,$29.05 ,2.76%,"$3,337,798,432 ",,,2018/2/16,$250.00 ,Healthcare,Deerfield,"Goldman Sachs, Deutsche Bank",Trading,CLOSING PRESS RELEASE,,,
PHGE,BiomX,,Chardan Healthcare Acquisition (CHAC),2019/10/28,,-35.50%,-15.07%,$6.45 ,2.54%,"$140,000,000 ",Warrants Trading,WARRANT LINK,2018/12/13,$70.00 ,Healthcare,Chardan,Chardan,Trading,CLOSING PRESS RELEASE,,2019/12/13,
SPCE,Virgin Galactic Holdings Inc,,Social Capital Hedosophia (IPOA),2019/10/25,,119.40%,33.14%,$21.94 ,4.63%,"$5,203,294,415 ",,,2017/9/14,$690.00 ,Tech,"Chamath Palihapitiya (Managing Partner, Social Capital)",Credit Suisse,Trading,CLOSING PRESS RELEASE,Sir Richard Branson,,2020/4/13
SONG,Akazoo S.A.,,Modern Media Acquisition Corp. (MMDM),2019/9/11,Delisted (May 2020 -- Fraud),,,,,,,,2017/5/11,$207.00 ,,Macquaire Capital,"Macquarie, EarlyBirdCapital",Non-Trading,CLOSING PRESS RELEASE,,,
DMTK,DermTech Inc,,Constellation Alpha Capital Corp (CNAC),2019/8/30,,264.50%,68.86%,$36.45 ,4.20%,"$1,054,105,955 ",Warrants Trading,WARRANT LINK,2017/6/19,$143.75 ,"Healthcare, India","Rajiv Shukla (CEO, Alpha Healthcare Acq Corp)","Cowen, I-Bankers",Trading,CLOSING PRESS RELEASE,,2019/9/29,
AESE,Allied Esports Entertainment,"Allied Esports International, Inc.",Black Ridge Acquisition Corp. (BRAC),2019/8/9,,-74.10%,-20.89%,$2.59 ,4.02%,"$101,958,398 ",Warrants Trading,WARRANT LINK,2017/10/4,$120.00 ,Energy,Black Ridge Oil & Gas,EarlyBirdCapital,Trading,CLOSING PRESS RELEASE,,2019/9/8,
CTOS,"Nesco Holdings, Inc.",,Capitol Investment Corp IV (CIC),2019/7/31,Nesco Holdings closed acquisition of Custom Truck One Source in 3/2021. NSCO changed ticker to CTOS,-0.80%,-0.22%,$9.92 ,3.12%,"$2,448,732,741 ",,,2017/8/15,$350.00 ,,Mark Ein,"Citigroup, Deutsche Bank, JP Morgan",Trading,CLOSING PRESS RELEASE,,,
RPAY,Repay Holdings Corporation,,"Thunder Bridge Acquisition, Ltd. (TBRG)",2019/7/11,,131.00%,46.11%,$23.10 ,-2.16%,"$2,033,323,248 ",,,2018/6/19,$225.00 ,FinTech,"Peter Kight, Founder CheckFree (acquired by FiServ),Board Member of Bill.com","Cantor, CITIC",Trading,CLOSING PRESS RELEASE,,,2020/7/27
KERN,Akerna,,MTech Acquisition (MTEC),2019/6/17,,-61.00%,-18.90%,$3.90 ,2.90%,"$89,359,298 ",Warrants Trading,WARRANT LINK,2018/1/29,$57.50 ,Cannabis,,"EarlyBirdCapital, I-Bankers",Trading,CLOSING PRESS RELEASE,,2019/7/17,
XYNO,"Xynomic Pharmaceuticals Holdings, Inc.",,Bison Capital Acquisition Corp. (BCAC),2019/5/15,Delisted (July 2019),,,,,,,,2017/6/19,$52.50 ,,,"EarlyBirdCapital, Chardan",Trading (OTC),CLOSING PRESS RELEASE,,,
CLVT,Clarivate Analytics Plc,,Churchill Capital I (CCC),2019/5/13,,154.70%,58.94%,$25.47 ,2.41%,"$15,482,215,885 ",,,2018/9/6,$690.00 ,,"Michael Klein (Former Co-CEO of Citi Markets and Banking),Jerre Stead (Former IHS CEO)","Citigroup, B. Riley FBR",Trading,CLOSING PRESS RELEASE,,,2020/3/23
KXIN,Kaixin Auto Holdings,,CM Seven Star Acquisition Corporation (CMSS),2019/5/1,,-79.00%,-22.63%,$2.10 ,3.97%,"$137,428,766 ",Warrants Trading,WARRANT LINK,2017/10/25,$180.00 ,,,"EarlyBirdCapital, I-Bankers",Trading,CLOSING PRESS RELEASE,,2019/5/31,
HUNTF,Hunter Maritime Acquisition Corp,NCF Wealth Holdings Limited,Hunter Maritime Acquisition Corp (HUNT),2019/3/21,Delisted (April 2019),,,,,,,,2016/11/18,$150.00 ,Drybulk Shipping,Belgium's Saverys Family (CMB),"Morgan Stanley, I-Bankers",Trading (OTC),CLOSING PRESS RELEASE,,,
OSW,OneSpaWorld,,Haymaker Acquisition I (HYAC),2019/3/19,,5.90%,1.69%,$10.59 ,3.88%,"$733,462,173 ",Warrants Trading,WARRANT LINK,2017/10/24,$300.00 ,,Steven Heyer (Former CEO of Starwood Hotels),"Cantor, I-Bankers",Trading,CLOSING PRESS RELEASE,,2019/4/18,
TH,Target Hospitality Corp,"Target Logistics Management, RL Signor Holdings",Platinum Eagle Acquisition Corp (EAGL),2019/3/15,,-71.70%,-21.88%,$2.83 ,6.60%,"$285,992,269 ",,,2018/1/11,$300.00 ,"Media, Entertainment","Jeff Sagansky, Harry Sloan (Former CEO of MGM)","Deutsche Bank, BofA Merrill Lynch",Trading,CLOSING PRESS RELEASE,,,
BIOX,Bioceres Crop Solutions Corp,"Bioceres, Inc",Union Acquisition Corp (LTN),2019/3/4,,34.30%,10.91%,$13.43 ,2.52%,"$485,029,967 ",,,2018/2/28,$200.00 ,Latin America,,"Ladenburg Thalmann, Brookline",Trading,CLOSING PRESS RELEASE,,,
PECK,The Peck Company Inc,Peck Electric Co,Jensyn Acquisiton Corp (JSYN),2019/6/20,,,,,,,Warrants Trading,WARRANT LINK,2016/3/2,$39.00 ,Information Technology,,Chardan,Trading,CLOSING PRESS RELEASE,,2019/7/20,
GTYH,GTY Technology Holdings Inc,"Bonfire, CityBase, eCivis, Open Counter, Questica",GTY Technology Holdings Inc (GTYH),2019/2/19,,-44.30%,-9.87%,$5.57 ,-1.59%,"$307,079,178 ",Warrants Trading,WARRANT LINK,2016/10/26,$552.00 ,Tech,"Harry You, Joe Tucci (Former CEO, EMC)","Citigroup, I-Bankers",Trading,CLOSING PRESS RELEASE,,2019/3/21,
AGLY,Agiliti Inc,,Federal Street Acquisition Corp (FSAC),2019/1/4,,5.10%,1.36%,$10.51 ,0.00%,,,,2017/7/18,$460.00 ,Healthcare,Thomas H. Lee Partners,"Citigroup, BofA Securities",Trading,CLOSING PRESS RELEASE,,,
PACK,Ranpak Holdings Corp,,One Madison Corp. (OMAD),2018/12/13,,78.60%,24.11%,$17.86 ,-0.06%,"$1,366,901,188 ",,,2018/1/17,$300.00 ,Consumer,,"Credit Suisse, BofA Securities",Trading,CLOSING PRESS RELEASE,,,
WTRH,Waitr Holdings Inc,,Landcadia Holdings Inc (LCA),2018/11/15,,-74.60%,-15.19%,$2.54 ,1.65%,"$283,415,439 ",,,2016/5/25,$250.00 ,,"Tilman Fertitta (Houston Rockets owner, CEO of Landry's)","Jefferies, Deutsche Bank",Trading,CLOSING PRESS RELEASE,,,
NRCG,NRC Group Holdings Corp,,Hennessy Capital Acquisition Corp III (HCAC),2018/10/17,Merged with US Ecology (Nov 2019),,,,,,,,2017/6/22,$225.00 ,Industrial Manufacturer,Daniel Hennessy,"Credit Suisse, Stifel",Non-Trading,CLOSING PRESS RELEASE,,,
VRRM,Verra Mobility Corp,,Gores Holdings II Inc (GSHT),2018/10/17,,42.30%,9.90%,$14.23 ,2.01%,"$2,310,386,994 ",Warrants Trading,WARRANT LINK,2017/1/12,$400.00 ,,Gores Group,Deutsche Bank,Trading,CLOSING PRESS RELEASE,,2018/11/16,
FLMN,Falcon Minerals Corporation,Royal Resources L.P. (Assets),Osprey Energy Acquisition Corp (OSPR),2018/8/24,,-56.00%,-14.91%,$4.40 ,1.38%,"$378,871,600 ",Warrants Trading,WARRANT LINK,2017/7/20,$275.00 ,Energy,,"Credit Suisse, I-Bankers",Trading,CLOSING PRESS RELEASE,,2018/9/23,
MGY,Magnolia Oil & Gas Corporation,"EnerVest, Ltd.¡¯s South Texas Division",TPG Pace Energy Holdings Corp (TPGE),2018/7/31,,7.40%,1.88%,$10.74 ,0.80%,"$2,616,687,100 ",,,2017/5/14,$650.00 ,,TPG,"Deutsche Bank, Goldman Sachs, Citigroup, Credit Suisse",Trading,CLOSING PRESS RELEASE,,,
IMXI,International Money Express Inc,Intermex Holdings II,FinTech Acquisition Corp II (FNTE),2018/7/26,,46.00%,10.81%,$14.60 ,0.52%,"$557,793,909 ",,,2017/1/19,$175.00 ,FinTech,"Betsy Cohen (Founder/Fmr CEO Bancorp),Daniel Cohen","Cantor, Northland",Trading,CLOSING PRESS RELEASE,,,
LAZY,Lazydays Holdings Inc,Lazydays R.V. Center,Andina Acquisition Corp II (ANDA),2018/3/15,,107.70%,19.97%,$20.77 ,2.37%,"$223,646,147 ",Warrants Trading,WARRANT LINK,2015/12/1,$40.60 ,Latin America,Julio Torres,EarlyBirdCapital,Trading,CLOSING PRESS RELEASE,,2018/4/14,
CVON,ConvergeOne Holdings Inc,,Forum Merger Corporation (FMCI),2018/2/23,Acquired by CVC Fund VII (Nov 2018 - $1.8B),,,,,,,,2017/4/6,$151.50 ,,,EarlyBirdCapital,Non-Trading,CLOSING PRESS RELEASE,,,
AMR,Alta Mesa Resources Inc,"Alta Mesa Holdings, LP and Kingfisher Midstream, LLC",Silver Run Acquisition Corp II (SRUN),2018/2/9,"Filed for Bankruptcy (Sep 2019),sold by creditors in 4/2020",,,,,,,,2017/5/23,"$1,035.00 ",Energy,,"Citigroup, Credit Suisse, Deutsche Bank, Goldman Sachs",Non-Trading,CLOSING PRESS RELEASE,,,
PRPL,"Purple Innovation, Inc.",,Global Partner Acquisition Corp. (GPAC),2018/2/2,,247.80%,43.21%,$34.78 ,3.98%,,,,2015/7/29,$155.25 ,,,Deutsche Bank,Trading,CLOSING PRESS RELEASE,,,2020/11/30
FG,FGL Holdings,Fidelity & Guaranty Life (NYSE: FGL),CF Corporation (CFCO),2017/11/30,Acquired by Fidelity National Financial (June 2020 - $1.8B),,,,,,,,2016/5/19,$600.00 ,,"Bill Foley (Chairman of Fidelity National Financial and Black Knight; Owner of NHL Team: Vegas Golden Knights),Chinh Chu (Founder/Senior MD, CC Capital Management, Former Managing Director at Blackstone)","Citigroup, BofA Merril Lynch, Credit Suisse",Non-Trading,CLOSING PRESS RELEASE,,,
WSC,WillScot Corporation,,Double Eagle Acquisition Corp (EAGL),2017/11/29,,189.10%,33.73%,$28.91 ,2.16%,"$6,624,016,121 ",,,2015/9/14,$500.00 ,"Media, Entertainment","Jeff Sagansky, Harry Sloan (Former CEO of MGM)","Deutsche Bank Securities, BofA Merrill Lynch",Trading,CLOSING PRESS RELEASE,,,2020/2/24
SMPL,The Simply Good Foods Company,"Atkins Nutritionals, Inc",Conyers Park Acquisition Corp (CPAA),2017/7/7,,235.70%,49.39%,$33.57 ,1.74%,"$3,214,279,257 ",,,2016/7/14,$402.50 ,,"Centerview Capital, James Kilts (Partner, Centerview Capital Consumer; Former CEO of Gillette; Former CEO of Nabisco; Former Pres. of Kraft USA)","Deutsche Bank, Goldman Sachs",Trading,CLOSING PRESS RELEASE,,,
CISN,Cision Ltd.,,Capitol Acquisition Corp. III (CLAC),2017/6/29,Acquired by Platinum Equity (Jan 2020 - $2.7B),,,,,,,,2015/10/13,$300.00 ,,Mark Ein,"Citigroup, Deutsche Bank, Credit Suisse",Non-Trading,CLOSING PRESS RELEASE,,,
DSKE,Daseke Inc,,Hennessy Capital Acquisition Corp II (HCAC),2017/2/27,,-28.00%,-4.87%,$7.20 ,2.27%,"$468,207,491 ",Warrants Trading,WARRANT LINK,2015/7/22,$175.00 ,"Industrial Manufacturing, Distribution, Services",Daniel Hennessy,"UBS, Cantor, BMO Capital Markets",Trading,CLOSING PRESS RELEASE,,2017/3/29,
TWNK,Hostess Brands,,Gores Holdings I (GRSH),2016/11/4,,52.30%,9.19%,$15.23 ,0.93%,"$2,058,655,791 ",Warrants Trading,WARRANT LINK,2015/8/14,$375.00 ,,Gores Group,Deutsche Bank,Trading,CLOSING PRESS RELEASE,,2016/12/4,
CDEV,Centennial Resource Production,,Silver Run Acquisition Corp (SRAQ),2016/10/11,,-61.70%,-11.95%,$3.83 ,-2.70%,"$1,070,107,913 ",,,2016/2/23,$450.00 ,Energy,,"Deutsche Bank, Citigroup, Goldman Sachs",Trading,CLOSING PRESS RELEASE,,,
CCN,CardConnect Corp.,,FinTech Acquisition Corp (FNTC),2016/8/1,Acquired by First Data (2017 - $750M),,,,,,,,2015/2/13,$100.00 ,FinTech,"Betsy Cohen, Daniel Cohen","Cantor, Northland",Non-Trading,CLOSING PRESS RELEASE,,,
LIND,"Lindblad Expeditions Holdings, Inc.",,Capitol Acquisition Corp. II (CLAC),2015/7/8,,72.60%,9.13%,$17.26 ,3.29%,"$861,384,820 ",,,2013/5/9,$180.00 ,,Mark Ein,"Citigroup, Deutsche Bank",Trading,CLOSING PRESS RELEASE,,,
VDTH,Videocon d2h,,Silver Eagle Acquisition Corp. (EAGL),2015/3/31,Merged with Dish TV in Mar 2018,,,,,,,,2013/7/25,$325.00 ,"Media, Entertainment","Jeff Sagansky, Harry Sloan (Former CEO of MGM)",Deutsche Bank,Non-Trading,CLOSING PRESS RELEASE,,,
BLBD,Blue Bird Corporation,School Bus Holdings,Hennessy Capital Acquisition Corp (HCAC),2015/2/24,,156.20%,21.50%,$25.62 ,3.10%,"$694,616,636 ",,,2014/1/16,$115.00 ,,Daniel Hennessy,Deutsche Bank,Trading,CLOSING PRESS RELEASE,,,
TGLS,Technoglass Inc.,,Andina Acquisition Corp (ANDA),2013/12/20,,24.80%,2.72%,$12.48 ,2.55%,"$594,504,394 ",,,2012/3/16,$40.00 ,Latin America,Julio Torres,"Cowen, Craig-Hallum Capital",Trading,CLOSING PRESS RELEASE,,,
GEENQ,Global Eagle Entertainment Inc.,"Row 44, Inc. and Advanced Inflight Alliance AG (86% of the shares)",Global Eagle Acquisition Corp. (EAGL),2013/1/31,"Filed for Bankruptcy in July 2020, $ENT Delisted from Nasdaq in Aug 2020, and sold substantially all of assets to creditors in Oct 2020.",,,,,,,,2011/5/18,$190.00 ,"Media, Entertainment","Jeff Sagansky, Harry Sloan (Former CEO of MGM); Directors: (Jim McNamara and Dennis Miller)","Citigroup, Deutsche Bank, Macquaire Capital",Trading (OTC),CLOSING PRESS RELEASE,,,
BKW,"Burger King Worldwide, Inc.",,Justice Holdings Limited (LSE: JUSH),2012/6/20,"Merger with Tim Hortons (Aug 2014) creating ""Restaurant Brands International. TSX:QSR)""",,,,,,,,2011/2/14,¡ê900.0,,"Nicolas Berggruen, Martin Franklin and Bill Ackman","Barclays, Citigroup",Non-Trading,CLOSING PRESS RELEASE,,,
SUMR,"Summer Infant, Inc.",,KBL Healthcare Acquisition Corp. II (KBL),2007/3/12,,14.60%,0.91%,$11.46 ,5.82%,"$24,446,987 ",,,2005/4/21,$55.20 ,,,EarlyBirdCapital,Trading,,,,
TWO,Two Harbors Investment Corp.,,Capitol Acquisition Corp. (CLA),2009/10/29,,-25.60%,-1.90%,$7.44 ,1.50%,"$2,039,202,772 ",,,2007/11/14,$250.00 ,,Mark Ein,Citigroup,Trading,CLOSING PRESS RELEASE,,,
NES,"Nuverra Environmental Solutions, Inc.",China Water and Drinks Inc. (CWD became subsidiary of Heckmann),Heckmann Corporation (HEK),2008/10/31,"Heckmann divests CWD in Oct 2011, Changes name to Nuverra in May 2013",-79.40%,-5.91%,$2.06 ,5.51%,"$32,923,481 ",,,2007/11/16,$432.90 ,,"Richard Heckmann, Dan Quayle (Fmr VP of US under George HW Bush),Lou Holtz (Fmr Notre Dame Football Coach)","Credit Suisse, Roth Capital Partners",Trading,CLOSING PRESS RELEASE,,,
GSL,Global Ship Lease,,Marathon Acquisition Corp. (MAQ),2008/8/14,,33.60%,2.29%,$13.36 ,2.06%,"$484,747,013 ",,,2006/8/25,$320.30 ,,"Michael Gross (Founder/Fmr CEO, Apollo Investment Corp),Martin Franklin (Co-founder/Fmr Chairman, Jarden Corp)","Citigroup, Ladenburg Thalmann & Co.",Trading,CLOSING PRESS RELEASE,,,
APP,American Apparel Inc.,,Endeavor Acquisition Corp. (EDA),2007/12/12,"Filed for Bankruptcy in Oct 2015, assets acquired by Gildan Sportswear in Jan 2017",,,,,,,,2005/12/16,$129.30 ,Services,"Jon Ledecky (co-owner, New York Islanders","Ladenburg Thalmann & Co., Broadband Capital Management",Non-Trading,CLOSING PRESS RELEASE,,,
GLG,GLG Partners,,"Freedom Acquisition Holdings, Inc. (FRH)",2007/11/3,Acquired by Man Group (May 2010) for $1.6B (55% premium),,,,,,,,2006/12/22,$528.00 ,,"Nicolas Berggruen (Berggruen Holdings),Martin Franklin (Co-founder/Fmr Chairman, Jarden Corp; Fmr Chairman, Apollo Investment Corp, Kenneth Cole),James Hauslein (Fmr Chairman/CEO, Sunglass Hut),William Lauder","Citigroup, Ladenburg Thalmann & Co.",Non-Trading,CLOSING PRESS RELEASE,,,
JAZ,"Jazz Technologies, Inc.","Jazz Semiconductor, Inc.",Acquicor Technology Inc. (AQR),2007/2/20,Merged with Tower Semiconductor (Sep 2008) for $170M EV (SPAC merger was $260M EV),,,,,,,,2006/3/17,$172.50 ,"Tech, Multimedia, Networking","Steve Wozniak (Co-founder, Apple),Gil Amelio (Fmr CEO, Apple and National Semiconductor),Ellen Hancock (Fmr CTO, Apple; Fmr COO, National Semiconductor)","Wedbush Morgan Securities, ThinkEquity Partners",Non-Trading,CLOSING PRESS RELEASE,,,
JMBA,"Jamba, Inc.",Jamba Juice Company,Services Acquisition Corp. (SVI),2006/11/26,Acquired by Focus Brands (Sep 2019 - $200M),,,,,,,,2005/6/25,$138.00 ,"Services: Business, Healthcare, Consumer","Steven Berrard (Fmr Co-Founder/Co-CEO, AutoNation; Fmr CEO, Blockbuster)",Broadband Capital Management,Non-Trading,CLOSING PRESS RELEASE,,,
NHRX,"NationsHealth, Inc.",,Millstream Acquisition Corporation (MSTM),2004/8/31,Acquired by ComVest Investment Partners III (Jul 2019),,,,,,,,2003/8/25,$24.20 ,,Arthur Spector,"EarlyBirdCapital, Inc.",Non-Trading,CLOSING PRESS RELEASE,,,
,Concord Health Group,,KBL Healthcare Acquisition Corp. I (KBLM),1994/8/16,Acquired by Multicare Companies (Feb 1996 - $130.5M EV),,,,,,,,1993/4/1,,,,,Non-Trading,,,,